symbol,cluster,cluster_name,industry,ann_volatility,downside_volatility,beta,mom_3m,mom_6m,mom_12m,max_drawdown,return_skew,return_kurtosis,log_turnover
360ONE,4,Large-cap defensives,Financial Services,0.36772026182590284,0.2186753261726784,0.9465215208946113,0.07782725726216522,0.06411123792289164,0.10107930384836772,-0.37667197709814204,0.21736553048066884,0.7868948686734027,8.774754693246194
3MINDIA,2,Quiet mid-caps,Diversified,0.2923525613788134,0.15012665504192282,0.5981971283749954,0.05645758050141003,-0.0659937812304775,0.09337727655001093,-0.35077186282795036,2.3710702005602498,17.705145871985778,8.092610630477957
AARTIIND,1,High-beta cyclicals,Chemicals,0.374810368652635,0.2534595766196292,1.335450529774583,0.1375563557488262,0.1365053098963227,0.3053454618877196,-0.5480532912489116,0.3802779658146824,6.838927651127625,8.71691329904527
AAVAS,2,Quiet mid-caps,Financial Services,0.30317578176007526,0.173842575456284,0.6614892757993133,0.03565464988708045,0.051689361219163565,-0.15427016936672333,-0.5163701758999943,0.7954664297745613,2.915129186935847,8.388817657027507
ABB,4,Large-cap defensives,Capital Goods,0.3345009715804018,0.22739354055943842,1.0136732451259927,0.07749837601467569,0.2582142995720853,0.5054286747950552,-0.48109956001315446,0.23072003788344855,4.665112434971423,9.224977443548726
ABBOTINDIA,2,Quiet mid-caps,Healthcare,0.22314871958099894,0.12468823589981205,0.33986495331513034,0.0347139438443953,-0.004852593387721704,-0.1525043558266469,-0.2845574697688197,0.819794803972942,3.188855485712604,8.401414517728952
ABCAPITAL,3,Momentum leaders,Financial Services,0.3400928517951518,0.2184310531583101,1.2924315394020878,0.1770348659781522,0.19757464237524047,0.4593619610092172,-0.37322029196639395,0.3439611660511376,3.0659060300919507,9.016562698405114
ABFRL,1,High-beta cyclicals,Consumer Services,0.3723472167417233,0.22459728523930694,1.289151162814622,-0.10659469720414672,-0.19669397543969103,-0.3215932379802351,-0.5717514442235387,0.6216631981230514,4.284392602832574,8.754546653973435
ABREL,1,High-beta cyclicals,Realty,0.43977339254953357,0.24313119596113594,1.421312952776883,0.1318537314054371,0.09562424315478935,-0.21245732653777383,-0.6416486206504057,0.5730871144429757,2.0031445443739595,8.474238114308827
ABSLAMC,2,Quiet mid-caps,Financial Services,0.35246657661338193,0.21677496006924532,1.0700649287939223,0.04282729852997069,0.24249220833308938,0.30160200918786306,-0.33084322427846746,0.3682350350176179,3.2441639615833284,8.27262838613492
ACC,0,Tail-risk,Construction Materials,0.26826559041392584,0.1981818643602936,0.9909187709861078,-0.021574339358074623,-0.1686657788047633,-0.283049223476992,-0.5456166177327746,-0.4306789977643519,11.611643266229553,8.691393645031187
ACE,3,Momentum leaders,Capital Goods,0.4383810437798864,0.24594156955635163,1.3947657523625168,0.27548729303353614,0.30042331957531787,0.055384197988202155,-0.5328941878790088,0.8777133301323308,5.791683042355398,8.395452519235217
ACUTAAS,3,Momentum leaders,Healthcare,0.4446219932365088,0.26810444102480274,1.1076527882781475,-0.04453891603239457,0.4455495876485933,1.2622867891599268,-0.237562386803997,0.6587768999221019,4.426276192518927,8.603840229140346
ADANIENSOL,1,High-beta cyclicals,Power,0.4856603704352029,0.3384862417954688,1.3820518567583029,-0.10239432394820658,0.44975829814170765,0.8283934798192893,-0.5288974098156711,0.46540130954136666,11.345485575848448,9.223878580981946
ADANIENT,0,Tail-risk,Metals & Mining,0.3942014843093085,0.31139923044792184,1.3725703678727104,-0.01033209500609511,0.383466730310021,0.29189245709149936,-0.5170811289831713,-0.7937858181500974,18.738632352464013,9.525667380148615
ADANIGREEN,1,High-beta cyclicals,Power,0.4975301558817239,0.32093540193996467,1.457657543916037,-0.12693723661313316,0.4402081416731678,0.4126906739820948,-0.628818444534607,0.873115588258907,11.394473603834038,9.34695617846568
ADANIPORTS,0,Tail-risk,Services,0.3416038825316124,0.2637678281029698,1.243681923488441,-0.050141043800185026,0.16608539713822124,0.3034022351543735,-0.33776689444510033,-0.7856121183811335,19.40606983745525,9.509868508946846
ADANIPOWER,3,Momentum leaders,Power,0.454623920573535,0.25175466485316356,1.1734177811857194,-0.08257696989711583,0.5017757129449871,0.7413228058501473,-0.4995425852838964,1.716723534391609,12.97332263233937,9.405496632969278
AEGISLOG,3,Momentum leaders,Oil Gas & Consumable Fuels,0.5051390066523599,0.26736956939444356,0.9055020626516552,0.690117368833101,0.8838507725605886,0.8381576941428439,-0.38685453748257237,1.0933486062630697,3.772422352253885,8.523290306182709
AFFLE,2,Quiet mid-caps,Information Technology,0.33749272790064344,0.1833599031941706,0.9310870161793602,0.08033144907400991,0.1905287537698579,-0.14647025758388954,-0.40899986955359235,0.6802466942927937,1.9720991147979414,8.512784610106879
AIAENG,2,Quiet mid-caps,Capital Goods,0.2695885336080658,0.16307036860633342,0.5710719258702829,-0.06564609959047141,0.13592378985844178,0.4148995793344443,-0.3732843493653959,0.2866235278622515,1.4091090865938782,8.251859167969663
AJANTPHARM,2,Quiet mid-caps,Healthcare,0.3113542476067346,0.1784311104117513,0.47594339076256953,0.17776226993635924,0.1781591346796827,0.4096247035474778,-0.3030181460133655,0.5517803707521473,1.8425943950908494,8.412646017034906
ALKEM,4,Large-cap defensives,Healthcare,0.2409704014851328,0.16281337297958173,0.5307739572461793,-0.029349672535919358,-0.06588417076910458,-0.025073909735099043,-0.2774771111073818,-0.14495733840716382,2.7724468442125985,8.838733245939487
AMBER,1,High-beta cyclicals,Consumer Durables,0.4619784759389001,0.3102007583171491,1.1531352916202084,-0.03561290322580646,-0.052064176548925145,0.03032809484422394,-0.3537793936550754,0.34178655232004745,4.823146925280696,9.2012137872334
AMBUJACEM,0,Tail-risk,Construction Materials,0.2989544348609248,0.23061687055772345,1.1429152693080475,-0.019974196399355715,-0.17064760034721338,-0.2755345066389029,-0.4290687062551315,-1.027508220423081,11.811224140119437,9.081998909555251
ANANDRATHI,2,Quiet mid-caps,Financial Services,0.30569520624227,0.17449549388973185,0.43807632035086363,0.2633408793293899,0.41035222887783607,0.6072163476151642,-0.26899010817062385,1.0240518647539034,5.856035802525906,8.417097010272677
ANANTRAJ,1,High-beta cyclicals,Realty,0.49633141730874786,0.36567595948766124,1.75926135377005,0.16597380585621369,0.2305592199929114,0.21035119104285327,-0.5665415797632639,-0.43259382462409857,5.415102537606531,8.93307446502912
ANGELONE,1,High-beta cyclicals,Financial Services,0.4765565401579044,0.2739241203418975,1.5711824665976644,-0.07667435521507182,0.33846191366267586,0.3525150062474258,-0.48252392110802,0.6922547556351911,3.632453991721595,9.282708006604793
ANURAS,2,Quiet mid-caps,Chemicals,0.2623706179202808,0.18673720758414042,0.45069948399191584,-0.04861754902313753,0.017245627693250887,0.09784622668271048,-0.4260330950652015,0.3688625234282245,7.9442616780566855,8.196201506628022
APARINDS,3,Momentum leaders,Capital Goods,0.45741306966688366,0.2900430269428269,1.0875181630347726,0.31221753540222963,0.629044323919955,1.2535411681003814,-0.5870650025476452,0.3596309834595373,6.916172420070003,8.894237066077832
APLAPOLLO,4,Large-cap defensives,Capital Goods,0.29739729051919195,0.1969968165062862,0.9153242231367403,0.2378280576777374,0.012464541494512371,0.4059863346549544,-0.27140023065965124,0.06837181167738021,2.2721233725541414,8.95396800340682
APOLLOHOSP,4,Large-cap defensives,Healthcare,0.2122799194086958,0.13293520512500095,0.4451751705565082,0.036079367871807655,0.1114765449412296,0.12209717245472884,-0.18497186304086943,0.39436022955425176,3.7148021260302158,9.389254794537006
APOLLOTYRE,4,Large-cap defensives,Automobile and Auto Components,0.28173076704260674,0.17377844733117256,0.8537395817159786,0.12253219062104836,-0.019058723878868755,-0.04924963943678107,-0.33664161433470885,0.24563884806853434,1.2462290021461002,8.767621832989088
APTUS,2,Quiet mid-caps,Financial Services,0.3212137345858511,0.18239062223939193,0.8551296696882129,0.01113283634185791,0.09644123127213855,-0.19010060439790233,-0.49016228931514694,0.42502197086239235,1.4498822102277793,8.319480588057571
ARE&M,2,Quiet mid-caps,Automobile and Auto Components,0.3692166745159318,0.1885639579677387,1.1371807621746581,0.05423995495652134,0.05449575533347262,-0.11380477816349044,-0.6029300714188548,2.123286596218646,12.873389465441234,8.672778180430987
ASAHIINDIA,2,Quiet mid-caps,Automobile and Auto Components,0.34930033972155794,0.19228247047920993,0.852461204568085,0.08946888285354593,0.12346483145372633,0.10407506556506352,-0.2940352200798365,0.5844951013578389,1.4278162889922252,7.871939082584525
ASHOKLEY,4,Large-cap defensives,Capital Goods,0.3241686887348673,0.20557412831321817,1.094599207522749,0.198411536518462,-0.1776327913792246,0.3329892015514815,-0.33491865989534864,0.49781265271588937,5.179913979164093,9.296333458249748
ASIANPAINT,4,Large-cap defensives,Consumer Durables,0.21277786623379968,0.15225462989475524,0.45708285964759704,-0.0413556791212325,0.10494855154452098,0.025795659398242243,-0.37060126984372854,-0.16257962224889455,3.289125864019774,9.426715528975619
ASTERDM,2,Quiet mid-caps,Healthcare,0.3393275084569587,0.18170049238137534,0.5136946482891335,0.02558242506215036,0.22431238675774612,0.3275998727028191,-0.25589602512711396,1.5567104232400841,10.167848460375998,8.518381133708251
ASTRAL,4,Large-cap defensives,Capital Goods,0.2867526351702759,0.20229519017807382,0.7349656764921491,-0.010555803212055404,-0.10453463699598187,0.09904504922583235,-0.4868688604811543,-0.2273896562072398,3.343931449971095,8.915189346864842
ATGL,1,High-beta cyclicals,Oil Gas & Consumable Fuels,0.4987052095450934,0.281774894975858,1.2593090696709177,-0.16567176169116604,0.24290112450570867,0.033775753610270964,-0.6005650801778584,2.3199098414533244,16.19526983065862,8.81009638238594
ATUL,2,Quiet mid-caps,Chemicals,0.2734286349047264,0.17046933324221494,0.7442379384051911,-0.026546924416630868,-0.017380350714485404,0.01679304541012816,-0.3570713659545881,0.4775661601738525,2.8928315214674165,8.342159385539206
AUBANK,4,Large-cap defensives,Financial Services,0.30312848812901083,0.1957895459004367,0.6189331171977386,0.11172615425078058,0.12066678317157842,0.46182278803395316,-0.3855835650834064,0.29365231686186766,4.192727705005691,9.198972242088875
AUROPHARMA,4,Large-cap defensives,Healthcare,0.28354480370292806,0.17183378389690523,0.63488364292594,0.13865540707227497,0.3657468128242807,0.6107375006690494,-0.3462233315597639,0.16793963679385207,1.1401376844199071,9.144201981238659
AWL,2,Quiet mid-caps,Fast Moving Consumer Goods,0.3540489605886037,0.21975156330023918,0.9391422085785954,0.013776070325000056,0.04425295922676753,-0.24571972336625947,-0.5700912664618486,0.6582358147846381,5.429095379708453,8.657518334151158
AXISBANK,4,Large-cap defensives,Financial Services,0.23738201445906593,0.16289737855571074,0.6211404935393791,0.004638319103291044,-0.07164491318116384,0.21112443330974973,-0.2802702662846881,-0.012562424563995124,2.892359564189286,9.907795428208845
BAJAJ-AUTO,4,Large-cap defensives,Automobile and Auto Components,0.25649227099105226,0.1768726205433533,0.634482958241516,0.16498875965203785,0.23636857978927028,0.3909591602360505,-0.42313526174411853,-0.40203311898484284,6.407315764047279,9.481227153548149
BAJAJFINSV,4,Large-cap defensives,Financial Services,0.23719971687533772,0.15305398842018705,0.6653802762843477,0.17740418558117899,0.015336014095961081,0.02820245131338206,-0.25029864433825233,0.22120639810099688,2.632952589190196,9.337578247757673
BAJAJHLDNG,2,Quiet mid-caps,Financial Services,0.30987523872282385,0.18353136823047492,0.6502464016554081,0.1451862979872076,0.05663381640368437,-0.12412490177918567,-0.39515036345744325,0.6777543389243214,3.4907937280779824,8.653578389517977
BAJFINANCE,4,Large-cap defensives,Financial Services,0.27379366501755914,0.18551234815766163,0.7052472404202365,0.224910087512753,0.0907427466575852,0.216877611480784,-0.26742220980962705,0.11159732164484486,2.9847700082018878,9.841892246640528
BALKRISIND,2,Quiet mid-caps,Automobile and Auto Components,0.3082279703076261,0.17839637504057362,0.8005580756881182,0.09450382052598338,-0.004365579135870434,-0.007950729794876765,-0.4057381803822804,1.3736681174831202,8.945236969784592,8.694368838154848
BALRAMCHIN,3,Momentum leaders,Fast Moving Consumer Goods,0.3746661912069332,0.21177950437658125,0.9278269653551713,0.25472373719664554,0.5070375899311239,0.26526367958254804,-0.40759770101674186,1.140713923152224,6.325747961555777,8.566817755054853
BANDHANBNK,1,High-beta cyclicals,Financial Services,0.3845313671751493,0.2618064118333353,1.2657404563263335,-0.18003162102345982,-0.06349332859513734,0.021173394611629703,-0.4965123433689903,0.13536647076035055,6.666526429014576,9.19578239122186
BANKBARODA,0,Tail-risk,Financial Services,0.3081865808494224,0.2316898247905938,1.1237955679992255,-0.07810993249758924,-0.2172264803681725,0.057838308296597196,-0.32184229306899326,-0.721520104082261,9.692402751829475,9.428105698515836
BANKINDIA,0,Tail-risk,Financial Services,0.35690975507988454,0.25820865857660813,1.2782601002589289,0.03512277344826953,-0.13095439072556614,0.3579085391714498,-0.40631276528467297,-0.4654925474207393,3.7016572515389803,9.035806278502598
BATAINDIA,2,Quiet mid-caps,Consumer Durables,0.26287861774228677,0.1623710909515064,0.6599470883224531,0.07040021861835566,-0.08393499344761712,-0.3469408649339264,-0.6575481162461512,1.5847436248269728,14.927391861388784,8.320747414056598
BAYERCROP,2,Quiet mid-caps,Chemicals,0.2762269183534018,0.17471089848975285,0.5296528099843113,-0.05574331722346315,-0.11158056999080301,-0.21652809819263807,-0.4054242044579046,0.43996990346024784,3.716609603778591,8.019902717515427
BBTC,2,Quiet mid-caps,Fast Moving Consumer Goods,0.4353860347247625,0.22530213226436047,1.2189802493081547,0.009850288852530698,-0.08964840452567424,-0.1603087121169321,-0.5330666207917646,2.0584976493848495,12.203782031872597,8.0246100639561
BDL,1,High-beta cyclicals,Capital Goods,0.448575837501638,0.2943318509178608,1.400117280104901,0.05728727885425444,-0.010252365930599416,-0.11821890676044233,-0.4643958284330829,0.11859042362883382,2.5890117253439864,9.192801739377202
BEL,0,Tail-risk,Capital Goods,0.32218736488059657,0.23322178166448285,1.2107525793890017,-0.01707160279788633,-0.10204148271458913,0.12031958502024298,-0.2689641538128913,-0.8943548943905216,13.7823907809371,9.71050006474954
BEML,1,High-beta cyclicals,Capital Goods,0.49462000881259216,0.33370081973261123,1.7163700231011516,0.1816929022500291,0.2486537019003463,0.07533988750122234,-0.5332704291508201,0.32841608173008635,5.860768519052456,8.925467592339059
BERGEPAINT,2,Quiet mid-caps,Consumer Durables,0.2685958098092459,0.1751288733973917,0.5132716452703528,-0.005968635052518212,0.09290125607657607,-0.07480795745060631,-0.39227466918959075,0.21590101638114123,2.899141709747322,8.50873118828345
BHARATFORG,4,Large-cap defensives,Automobile and Auto Components,0.3222047224603867,0.22384826254216128,1.058731772341894,0.036360761161773336,0.043970880060002715,0.7465568737937858,-0.46548580807671547,-0.08030954557017395,7.062906200873702,9.140465138165812
BHARTIARTL,4,Large-cap defensives,Telecommunication,0.2128787860236177,0.13961621931183152,0.4130614416834865,0.02749508876286999,-0.0053614988151068355,-0.009538623629237186,-0.18768199925037032,0.03266937656680968,1.8395513823006033,9.94748780365076
BHEL,3,Momentum leaders,Capital Goods,0.4136203340479107,0.3116967628559738,1.5807919552697356,0.11957201605126055,0.6497831827349692,1.0741963202038738,-0.461014443248586,-0.7310897085690853,6.727289060984191,9.520135738669033
BIKAJI,2,Quiet mid-caps,Fast Moving Consumer Goods,0.3192799476492159,0.1876307263717295,0.6646724576653404,-0.10450091640633985,-0.07257709603248663,-0.26265289509523926,-0.41897412950781676,0.961969068073882,7.092115038933848,8.162759861852473
BIOCON,4,Large-cap defensives,Healthcare,0.32240261905556367,0.20708190535660193,1.0140044804545558,-0.027794165362752477,0.025583829330036778,0.12632762096861394,-0.24679361490777196,0.174606114559368,1.467083698482242,9.061335280848404
BLS,1,High-beta cyclicals,Consumer Services,0.4604608319611861,0.2662440284493511,1.4550269801077576,-0.08858781188498932,-0.10448153477613442,-0.3499662715901284,-0.5569669369465824,1.1404616002099983,7.005227764589227,8.814150433765457
BLUEDART,2,Quiet mid-caps,Services,0.3078195771325398,0.1769317254433909,0.6100009660858827,0.07408449890337909,-0.09856429881489837,-0.10543007252464154,-0.49560019595431914,1.8307522433819363,15.289818020226264,7.885591969706718
BLUESTARCO,2,Quiet mid-caps,Consumer Durables,0.36310387378688813,0.21521234778473314,0.8557746795760716,-0.039248856804477095,-0.2161482792911752,-0.20680927959691553,-0.3787329863723067,0.7383288290260333,4.022761450540987,8.782049426255394
BOSCHLTD,4,Large-cap defensives,Automobile and Auto Components,0.2584664700633944,0.16262717595193202,0.7328867158683562,0.28730135221244724,0.33243155151384185,0.2014813222838281,-0.3251116476913217,0.43502490172268776,3.0451954253485627,8.898590954677719
BPCL,4,Large-cap defensives,Oil Gas & Consumable Fuels,0.3090424901823075,0.2080317036088453,1.0522817047223214,0.10713666128163135,-0.15768403818247456,0.06649394966429978,-0.3458878410442895,-0.0857241898788755,4.031455855540962,9.4054112974737
BRIGADE,3,Momentum leaders,Realty,0.3797143369944028,0.21858923266762764,1.0975226777737968,0.44809726573905095,0.37244871865377815,-0.022621723847857766,-0.5592733382566749,0.4486847766450688,1.699859656244516,8.455080049711224
BRITANNIA,4,Large-cap defensives,Fast Moving Consumer Goods,0.2000749124855856,0.14180241289490192,0.2768275656103442,0.02125872657603267,-0.12964217008656453,-0.09343432941085006,-0.29023197604556983,-0.2961084882263652,3.3762486880522258,9.184488751976932
BSE,1,High-beta cyclicals,Financial Services,0.5193217195995679,0.28476199919106215,1.317412199675835,-0.12714890477867147,0.2932300925189453,0.5694010561077911,-0.364909401542744,0.9029129762140795,4.154854766129015,9.942359096687248
BSOFT,1,High-beta cyclicals,Information Technology,0.3525306011277026,0.21771518545635637,1.0112118389920215,-0.09431461927750895,-0.23654911365604914,-0.20084069410575167,-0.6774831743200691,0.24162737983038557,1.1181535122511046,8.871729323026882
CAMS,4,Large-cap defensives,Financial Services,0.36663242610435165,0.2160310983917217,1.2729782297146592,0.02016728850968974,0.15933794069547402,0.041199926843043855,-0.4031600493849271,0.50601584116688,2.1993219112153173,9.015300570946394
CANBK,4,Large-cap defensives,Financial Services,0.31912960777911314,0.22558246743029636,1.2828112985211868,-0.01720900634757505,-0.15576992362196718,0.23903244578948324,-0.3520889378391102,-0.37445617008504456,4.284007759458753,9.437200022607726
CANFINHOME,4,Large-cap defensives,Financial Services,0.29428754673521723,0.20454653585051907,0.9558773805229673,-0.009679483158001712,-0.008051922712519866,0.1314126816449821,-0.37826222261275944,-0.23726414787975633,1.499129156425735,8.415784157456056
CAPLIPOINT,3,Momentum leaders,Healthcare,0.4028008343844914,0.23923394957434657,1.042588855274435,0.33150168111232836,0.683524326139128,0.30792556265440907,-0.4196820865905887,0.6614953776122209,3.8458709412752348,8.19838913614413
CARBORUNIV,2,Quiet mid-caps,Capital Goods,0.33023992729174384,0.17682853266892504,0.7891295198445594,0.07472328576885645,0.4044187777964794,0.25712998590019165,-0.5823035256245863,0.8097414048205542,3.829140475957358,8.142082622562357
CARTRADE,3,Momentum leaders,Consumer Services,0.523121356645065,0.31230558574874306,1.0727646193299616,0.4495119723620269,0.6897774999559982,0.32080121116965654,-0.5032435665807642,0.6280524214546287,3.4785351274847627,8.657773251348575
CASTROLIND,2,Quiet mid-caps,Oil Gas & Consumable Fuels,0.3423980607260549,0.19235394781302423,0.9168963319274344,0.07409147379890002,0.08864588180549093,0.003682452650299428,-0.383991255046207,1.428906619232395,6.175261271956558,8.592313854655805
CCL,2,Quiet mid-caps,Fast Moving Consumer Goods,0.3492854978015487,0.17826994711315353,0.48061206693895564,-0.05432068540641555,0.09073926795089271,0.30273835559506046,-0.3361834187701168,1.7605318792729794,9.934725198257496,8.11454920228434
CDSL,1,High-beta cyclicals,Financial Services,0.39614500086888743,0.2306594263370149,1.4251678303578796,0.1792536117765131,0.1457471148633105,-0.030770502024091595,-0.4612153671431368,0.9785262673796201,6.100349522326386,9.460692002680748
CEATLTD,2,Quiet mid-caps,Automobile and Auto Components,0.35581320997646554,0.22620177327605312,0.9412684685223743,0.0840674770077714,-0.026701918766660282,0.08194277255231697,-0.30264220767564454,0.3819267046717707,2.8921650716982827,8.550149487569305
CEMPRO,3,Momentum leaders,Construction,0.5130463458533125,0.2888973993389699,1.2745636932427806,0.18852360205939322,1.2859756740189487,0.8489270377306646,-0.4531823656219486,1.1469770444922502,6.882266955082962,8.4775104448203
CENTRALBK,1,High-beta cyclicals,Financial Services,0.4219703216592316,0.2966953771772314,1.5692702230073847,0.021360486756870634,-0.18459083149574995,-0.07469226104980642,-0.5855488672698329,0.38481765104419186,7.866925255860679,8.494679643290064
CGCL,3,Momentum leaders,Financial Services,0.46157522044353827,0.2657786581278773,0.8887817136019808,0.4102617800725108,0.7674544491015081,0.5100679284697969,-0.4773851097496259,1.8885163322336145,13.31238591218726,8.175196527588362
CGPOWER,2,Quiet mid-caps,Capital Goods,0.3750479294323919,0.21315207171627376,1.0270942994985661,-0.01372595093973461,0.25166823145087647,0.3448290919462318,-0.38040440379527185,1.089293818774039,7.677728932332412,9.213030091141205
CHALET,2,Quiet mid-caps,Consumer Services,0.318601925933055,0.16028401692196723,0.8623262135486685,0.19463128066901647,0.14308476736775022,-0.11787023480768721,-0.34311700688454627,0.6999376762172443,1.4894405990194888,8.092474937362475
CHAMBLFERT,1,High-beta cyclicals,Chemicals,0.37034823448983756,0.24711222455670825,1.1534622957486802,-0.053503207104397044,-0.05234159741590183,-0.2076214835589636,-0.428807879051074,0.5628758137707488,8.485024495185792,8.776125351721864
CHENNPETRO,3,Momentum leaders,Oil Gas & Consumable Fuels,0.5127353745200486,0.31671005683004155,1.094301882932491,0.27216295855083783,0.6290217958835247,1.3673517634363987,-0.6123605044919753,0.5568409814869447,3.717358499566027,8.907311275575434
CHOICEIN,2,Quiet mid-caps,Financial Services,0.29485952013385514,0.1892145842034757,1.0211826848922392,0.1741244265887647,0.07289391922034727,-0.04493252311637119,-0.3132423608252344,0.2204328997617085,2.4701296242836652,8.420204051829055
CHOLAFIN,4,Large-cap defensives,Financial Services,0.32956100596358884,0.17031514048404545,0.9755727500648493,0.26354554428133037,0.07983941200883371,0.27871797918753294,-0.2866758436843029,0.6197610513502924,1.3413519314145588,9.314501791981632
CHOLAHLDNG,2,Quiet mid-caps,Financial Services,0.3743554980165647,0.19885138429294075,0.8565826068318466,0.08114728544840344,-0.045625155629070546,-0.13219413858221662,-0.37588596601832314,1.144760043435359,5.601500790802932,8.407414479123902
CIEINDIA,2,Quiet mid-caps,Automobile and Auto Components,0.281699364666993,0.17398728202319508,0.8301190142913639,-0.12000454104913982,-0.16306593295009053,0.005893092200122796,-0.39248792820792366,0.12719150374314825,3.2158504825361853,8.042400208102771
CIPLA,4,Large-cap defensives,Healthcare,0.22920201622225259,0.1450451907607239,0.39749100905434936,-0.002089505269147085,0.034324858513189005,-0.11536201916573197,-0.28324111920220096,0.6135193425644538,5.852180935418186,9.288557022793857
CLEAN,2,Quiet mid-caps,Chemicals,0.3175859092037948,0.1919541181506081,0.8187300812408352,0.09272862900922929,0.13181509605962272,-0.2690517396479407,-0.6003234147000449,0.39470840420482595,2.0630019449542876,8.208984998210626
COALINDIA,4,Large-cap defensives,Oil Gas & Consumable Fuels,0.2746849835265581,0.19505931880530988,0.817374547802021,-0.08318792082841475,-5.6425128666548474e-05,0.1850431864315223,-0.30840138377938764,-0.25227655180261643,7.382902306341524,9.450552744823822
COCHINSHIP,1,High-beta cyclicals,Capital Goods,0.5312922920848067,0.26918786055049676,1.6359728784514869,0.06538270314565953,0.03464693928221574,-0.060002460095965215,-0.5779273384890711,1.4087227210154183,5.8331482582757666,9.27449253356327
COFORGE,3,Momentum leaders,Information Technology,0.36174072346833913,0.24995939303815554,0.7533674817106539,0.39464797974594057,0.7045964108414977,0.14614064914915548,-0.4557530998290288,0.2831201156895969,4.081043164576277,9.452542652548892
COHANCE,2,Quiet mid-caps,Healthcare,0.4191189324227976,0.23211476312001916,0.6657544505099255,0.07612542832857017,0.5059366349620715,-0.47616589994309966,-0.790211359511265,1.544219925338481,10.250084200764695,8.34485476335644
COLPAL,4,Large-cap defensives,Fast Moving Consumer Goods,0.24279811238521312,0.16442933097401408,0.4827396969659187,-0.08790827665326606,-0.1644031932534875,-0.173208747492972,-0.5200486304177729,-0.08117158614344812,1.8005586097744488,8.945462836343877
CONCOR,0,Tail-risk,Services,0.3161594792266787,0.2386098453005783,1.2412731706909852,0.1441628609570278,0.06378480572355505,-0.0251183013334082,-0.5314141897275889,-0.9054423979732121,12.881614459513006,8.939116506166803
CONCORDBIO,2,Quiet mid-caps,Healthcare,0.4325236896205316,0.2590377299298862,0.7339199747858741,0.19126349394772735,0.1870971495781002,-0.15393292148762383,-0.609706355065061,0.6392789551613214,8.210892763831707,8.185686127613511
COROMANDEL,4,Large-cap defensives,Chemicals,0.3070948749252382,0.20266632413683547,0.8159091385410602,0.10826779153360477,-0.10969457080536549,-0.13988274463761963,-0.34885896629619906,0.01977762948538894,1.3409238256322795,8.78578517356582
CRAFTSMAN,3,Momentum leaders,Automobile and Auto Components,0.3721038434366442,0.20662498926750647,0.7843227639197378,0.27138014745177186,0.4883480838089962,0.638112216537779,-0.4044938532609649,0.9570641654600451,4.217813748819486,8.308863127019725
CREDITACC,2,Quiet mid-caps,Financial Services,0.4148924881623282,0.23948269741266676,0.792478642878541,0.16079474924820514,0.1917581521928149,0.07453460579742188,-0.5348149137322717,0.9681938937274704,4.294799203749584,8.546935087591692
CRISIL,2,Quiet mid-caps,Financial Services,0.3078778767807105,0.1703670932650435,0.45248571118975967,0.26460108856422493,0.12553783380029993,-0.00633211567836689,-0.43295900759041983,0.7548698702445364,2.56738261544387,8.255385380482815
CROMPTON,2,Quiet mid-caps,Consumer Durables,0.29213969437116566,0.16195174900814924,0.8208351779490636,-0.08448830989718514,-0.07202624404790625,-0.2742016634126885,-0.5372260116709355,1.2801086328451152,8.372799324351082,8.87269626756232
CUB,4,Large-cap defensives,Financial Services,0.33690070184288023,0.2015746943489377,0.8848695985584432,0.2859436104225015,0.14522473270329184,0.5998191778248836,-0.2328085937380372,0.40369979804093487,2.239094210327528,8.6537717449159
CUMMINSIND,4,Large-cap defensives,Capital Goods,0.3085711000364974,0.21883356379220978,0.9770149612468066,-0.09513202426441214,0.053969793302259816,0.3297473401648774,-0.34325082748116653,-0.17447498893550809,4.709052101921801,9.23678101363068
CYIENT,0,Tail-risk,Information Technology,0.37132390564136447,0.261920163563401,0.9953614655594039,0.27774563890247705,0.22490277801903846,-0.051042366701459896,-0.6718039295529814,-0.8462729696965661,14.068999870524703,8.665550308770513
DABUR,4,Large-cap defensives,Fast Moving Consumer Goods,0.2176699545922728,0.1518445036165177,0.4135987510178931,-0.08078263600922508,-0.23987100622368418,-0.24515267941013041,-0.420549593323262,-0.04559899635046799,2.616731178324415,8.987465940031832
DALBHARAT,4,Large-cap defensives,Construction Materials,0.27238816146813516,0.18871518570552384,0.8573999191522812,0.054342977363683875,-0.10465596497364194,-0.2524786159645487,-0.34850816134861384,-0.32310388369028403,2.0052042028704364,8.7505116842157
DATAPATTNS,3,Momentum leaders,Capital Goods,0.5168468512140738,0.2743722505418028,1.3916736112202732,0.1095537316018298,0.43400885672365375,0.8942181953337875,-0.5840834517433362,0.832621380688059,2.3928526551001625,8.948921319209003
DCMSHRIRAM,2,Quiet mid-caps,Diversified,0.36191753114763153,0.20092153563622125,0.7569887458550691,0.02765959590647271,0.011531075909403832,-0.1670305689903827,-0.32577732523963865,1.384503648303862,6.762239276264417,7.7672491252266775
DEEPAKFERT,1,High-beta cyclicals,Chemicals,0.4534553789607167,0.2619074392652638,1.3503803505803995,-0.0552558571298305,0.40030697183472874,-0.03330663842157877,-0.4962172149696932,0.7829602062533951,4.442863990441946,8.648080127853817
DEEPAKNTR,0,Tail-risk,Chemicals,0.3041254114614963,0.2122550147050307,1.0220474020642254,0.033289908777495825,0.11276352116994226,-0.04944402089789446,-0.5854281904649027,-0.421564720093357,5.7075933133806895,8.610932268312636
DELHIVERY,4,Large-cap defensives,Services,0.3345857248260869,0.2192798829212183,0.8706225333441586,0.04222143515481869,0.07010983974740936,-0.023979537773333615,-0.49214837496393715,-0.022577960564366617,4.272723199334578,8.901738797473898
DEVYANI,2,Quiet mid-caps,Consumer Services,0.36320524732785686,0.19551494867725544,0.8711222136489031,0.2604524776406958,0.13651566961180173,-0.20488668016673606,-0.5790387288715511,0.9038988686528009,3.0222003118191254,8.493156854090165
DIVISLAB,4,Large-cap defensives,Healthcare,0.2508724677591145,0.14934480221473212,0.5990561257950828,0.4012460900852186,0.4269580590650748,0.4901378950043185,-0.18158419793905178,0.5655588106335708,2.0192146215502578,9.308015990041127
DIXON,3,Momentum leaders,Consumer Durables,0.3897661783563936,0.26318208033793966,1.268879408295647,0.25,0.40281745640823563,-0.14580067010820197,-0.48905869911027944,0.039511440161140575,3.323934443262122,9.681306530226495
DLF,4,Large-cap defensives,Realty,0.3185226143656193,0.21552628915715127,1.3187272977893445,0.23011092661328147,0.16987670495871288,-0.07870945354723968,-0.4681180930240232,-0.1349011403348016,2.674200649985164,9.361659458704382
DMART,4,Large-cap defensives,Consumer Services,0.26741004158737236,0.16163930268206864,0.4098151806545655,-0.07218271978529234,-0.008547008547008517,-0.19785525684919947,-0.36863926627173915,0.9312982550996622,6.4086145585955485,9.208958769379347
DRREDDY,4,Large-cap defensives,Healthcare,0.21770302550522427,0.14038392768692012,0.36417935608162905,-0.09195729065788993,-0.10514579094065879,-0.0805690004346068,-0.22979980770894914,0.42828882959342274,4.1909969501791675,9.314766065931725
ECLERX,2,Quiet mid-caps,Services,0.4183662281198771,0.22934474005707964,0.864063222522319,0.37691828432467256,0.23666799853863751,-0.10166716000233855,-0.46436222291440055,0.7459986554870667,2.7154774701738,8.382040405836529
EICHERMOT,4,Large-cap defensives,Automobile and Auto Components,0.2553332125116186,0.15567343018546603,0.696481404610277,0.09367454301524902,-0.014770563377546786,0.25719971398727104,-0.19584857042715187,0.5871226037303733,3.6060273787333172,9.408146022528284
EIDPARRY,2,Quiet mid-caps,Fast Moving Consumer Goods,0.3310660188866875,0.18906076399642657,0.9830547738541147,0.08340261003994454,-0.10241243470885986,-0.3075594127254079,-0.43043196618922774,0.7067336618725694,2.5808592826933316,8.33450605941067
EIHOTEL,2,Quiet mid-caps,Consumer Services,0.3631715905269907,0.20425347084339604,0.9618714485641052,0.026876635934019122,-0.06183138174542513,-0.2704948496365699,-0.4429098664242652,1.3758896085411367,9.66789989238851,8.178658061909218
ELECON,1,High-beta cyclicals,Capital Goods,0.4707632727272233,0.301786314702909,1.4768639542315654,-0.1652551749865977,0.07139292719293344,-0.19170715489803813,-0.512883994628349,0.0872551137370455,2.835616171202941,8.37152462375555
ELGIEQUIP,2,Quiet mid-caps,Capital Goods,0.38723021633795035,0.22307140208024726,1.0106199897181396,0.08047024363089794,0.2403283328375636,0.33119013416400644,-0.4755531158185251,0.9823377602344433,5.39621747887772,8.149040253103198
EMAMILTD,2,Quiet mid-caps,Fast Moving Consumer Goods,0.32372850754272137,0.18302309961562277,0.554738472113738,-0.049220810927353864,-0.20198391530071624,-0.34215427978041546,-0.5493093306599208,1.1413753373057787,7.742853291116202,8.394139716692239
ENDURANCE,2,Quiet mid-caps,Automobile and Auto Components,0.323645258042709,0.1800280758700181,0.7784246819396864,0.11170043019285147,0.05280838984454328,-0.022883859955203922,-0.37606071285339293,0.704715986098952,2.6564355552566536,8.328650783029929
ENGINERSIN,3,Momentum leaders,Construction,0.4804495986667267,0.3004036277472489,1.701956639079907,0.16743960357363052,0.3249459322706103,0.4270305262688734,-0.4855021910842401,0.22149703019613753,3.1189271183913685,8.829135942048026
ERIS,2,Quiet mid-caps,Healthcare,0.31121566336036843,0.1879241394551909,0.6540456727843059,-0.031792561123908936,-0.02323401185016072,-0.2586931668567969,-0.31211772443493657,0.7424452075959503,4.598727418287178,8.032252242707548
ESCORTS,4,Large-cap defensives,Capital Goods,0.29696094336775464,0.19541453595868524,0.9227343185188647,0.07278134076527709,-0.1162673827493359,-0.13169395727020894,-0.37563755917312924,0.149507342126054,1.9700135799753062,8.706468712882822
ETERNAL,4,Large-cap defensives,Consumer Services,0.37634714975818023,0.20986867961448286,0.9835144555791866,0.2998388885751371,0.328900261410511,0.022979397781299538,-0.39133628062426207,0.4163227420884196,1.9087557938493775,9.956137428955326
EXIDEIND,2,Quiet mid-caps,Automobile and Auto Components,0.3278584947808421,0.19083048684379406,1.1711414256935504,0.10490682337980162,0.3208908315643213,0.08219172858190404,-0.5012532792804297,1.212217144327367,9.049254052391332,8.931706755361702
FACT,1,High-beta cyclicals,Chemicals,0.5265976141683316,0.2825403947751472,1.523242951058796,-0.07496964621941316,0.12754136393114668,-0.13360758906905368,-0.4837742805812567,1.8616772277375617,9.13608892033511,8.438934894262095
FEDERALBNK,4,Large-cap defensives,Financial Services,0.2568338914074541,0.16555346676631044,0.7298902491344826,0.129913995466038,0.1668819037345768,0.794805098370021,-0.18069997838838336,0.5696481046258332,4.039987304707337,9.24308523182891
FINCABLES,3,Momentum leaders,Capital Goods,0.415064363476287,0.24348536631170517,1.1113893190635362,0.2052655894102211,0.29841908143392626,0.5192535747389244,-0.5700561840950096,1.0244713558194296,5.603401562171001,8.377529229240315
FIVESTAR,2,Quiet mid-caps,Financial Services,0.3863425722092334,0.2433460414538237,0.807127033641983,0.24661246178820817,0.2872695870099746,-0.05029665308472775,-0.614345521838658,0.2661641042596004,3.30317608549333,8.566367200659707
FLUOROCHEM,2,Quiet mid-caps,Chemicals,0.3376118139995926,0.2094240302629287,0.7204383719696077,0.30389963713739077,0.3730101100333125,0.33235800898691714,-0.3802262632547727,0.44550963107629526,2.717690397921222,8.48362931994391
FORTIS,4,Large-cap defensives,Healthcare,0.2904941911570128,0.15793701727221587,0.653884251491985,-0.08405613679707391,-0.028461088371099508,-0.005968804859352916,-0.2815830679308041,0.42673959822970714,1.0391867320903532,8.98066615958317
FSL,1,High-beta cyclicals,Services,0.4475188373917023,0.27748674433936676,1.1964256554339459,0.049206324986049044,0.2565942174549638,-0.22084894313777437,-0.4808425844405283,0.644460964694944,4.244081083442152,8.637298617277521
GABRIEL,3,Momentum leaders,Automobile and Auto Components,0.4906310227929605,0.24308340481509463,1.4015631582034298,0.38226273383028087,0.42205423038919654,0.20091376537025551,-0.37398529455682017,1.2460142578034754,4.943808137751377,8.278757792429644
GAIL,0,Tail-risk,Oil Gas & Consumable Fuels,0.3242794452944463,0.23383149909670442,1.2483882350095135,0.031456123226415666,0.053513649115865425,0.04733143859135591,-0.3969652936902699,-0.414894360173983,9.853994495916664,9.324402838481817
GALLANTT,1,High-beta cyclicals,Capital Goods,0.5215214138489822,0.27797797741895314,1.178495186538116,-0.07575877742171888,0.010118785745710568,-0.011073405833883054,-0.4378168202651208,1.2062995889381798,5.6260773947367095,7.51213130506496
GESHIP,2,Quiet mid-caps,Services,0.36066712966976655,0.21371768915420272,0.9351362858558429,-0.033552839824859904,0.050919956833969104,0.5117319878628499,-0.43027665829298056,0.34677063985940565,1.4717809312245795,8.636765345427438
GICRE,2,Quiet mid-caps,Financial Services,0.41234153094766934,0.2655978675992067,1.2129346372230874,-0.032859120430249855,-0.0004004120712537418,0.04370823524059331,-0.31238731178153,0.8854856799205627,7.419309579904358,8.412528337096703
GILLETTE,2,Quiet mid-caps,Fast Moving Consumer Goods,0.29367039455631366,0.14859633241563577,0.5333413459105292,-0.032804062222938635,-0.09696386661548495,-0.24239672571311377,-0.33932091333598324,1.465571390902155,6.483135838402131,8.207164546088595
GLAND,2,Quiet mid-caps,Healthcare,0.31414190090103966,0.1707635304077824,0.5738449794498386,0.31442019892201234,0.6461743073069954,0.5659071588914479,-0.3429344264715336,1.451348758446213,9.053558214636597,8.486037368821645
GLAXO,2,Quiet mid-caps,Healthcare,0.34709521732917503,0.18471620758383336,0.6910417377478969,0.3545654508267053,0.19774136513344875,0.10337558102759536,-0.37778025759256695,1.3557075004813492,7.356889592050539,8.368502338970176
GLENMARK,4,Large-cap defensives,Healthcare,0.31253586585708504,0.19257454246109956,0.8177263151977002,0.12089367692774444,0.1489779696864506,0.2626408163603451,-0.29656527509176633,0.7149865440231242,5.249026447531817,9.001319419585812
GMDCLTD,1,High-beta cyclicals,Metals & Mining,0.5302555569801597,0.30884394045225777,1.7322262897170788,-0.07660134558661724,0.020854111425212096,0.3816580514391028,-0.5062794066974714,0.9909857801958779,5.573634818899844,8.937955948337406
GMRAIRPORT,4,Large-cap defensives,Services,0.34688628786411707,0.24776797499080078,1.2764678998118848,-0.02860848041579589,0.009949208267452159,0.1275019854698125,-0.3188833320646425,-0.1333883128555188,4.0107718637443135,9.08696245426641
GODFRYPHLP,1,High-beta cyclicals,Fast Moving Consumer Goods,0.5706410653718763,0.31619491959817353,1.0086217647607476,-0.04711686046696273,0.018650594398043507,-0.40737994286764356,-0.49786058327124716,1.20044513007815,6.108903802305612,8.692222509550122
GODREJCP,4,Large-cap defensives,Fast Moving Consumer Goods,0.2622298088841698,0.1760315026772926,0.41589248825499114,-0.11449264442635487,-0.24554488076798053,-0.28434294222337997,-0.4023295481409841,-0.15503818623574508,4.9981273603409555,9.070424196206803
GODREJIND,2,Quiet mid-caps,Diversified,0.41701144376051236,0.2109083739335819,0.8548092233059166,0.1258950769424494,0.2096481047277896,-0.06949777888462838,-0.4490621552041192,2.4973938564542033,15.044714151616493,8.135974741953019
GODREJPROP,1,High-beta cyclicals,Realty,0.37694075479249967,0.2468941671185145,1.3889518260205502,0.20366276035488928,0.1488781901599998,0.0035173228567888515,-0.566977448868299,-0.009288176961488209,1.8828428160238544,9.178392456394484
GPIL,2,Quiet mid-caps,Capital Goods,0.3901452586645855,0.20992576972296983,1.127871792393099,-0.1328912288062728,-0.05710790770907026,0.04044095165501993,-0.35677903786512843,0.5177638771404913,1.4692592241996514,8.52384278625679
GRANULES,3,Momentum leaders,Healthcare,0.34814549556156005,0.25648798923686533,1.0711239907453827,0.10924136957904351,0.4799216986336552,0.819298227242323,-0.3996657229201165,-0.7194334937183724,5.55345324712704,8.750446623608077
GRAPHITE,1,High-beta cyclicals,Capital Goods,0.4119068669643497,0.2515784835174239,1.304313771658776,0.10340435618492227,0.048421388689475764,0.438706640136429,-0.44529433559234166,0.6428185953575976,3.695368991611559,8.642789900489962
GRASIM,4,Large-cap defensives,Construction Materials,0.2274346315474644,0.14331288499630052,0.6987684308488626,0.09253757564287857,0.19985199936651776,0.19683545055336515,-0.19228382632065866,0.15035768548085265,1.6787040635965433,9.21018033181818
GRAVITA,1,High-beta cyclicals,Metals & Mining,0.496782171210791,0.2724991419901099,1.4514132784855593,0.07581740083259136,0.06430952315794003,-0.0031197942703706794,-0.5123450111132173,1.1587726430436596,5.078683210652436,8.524822096931638
GRSE,1,High-beta cyclicals,Capital Goods,0.5715391561125942,0.30366298640314454,1.7655298907541268,-0.029797031339764413,0.06854515685111218,0.09124013665338859,-0.5489900025676585,1.2087250528331905,5.25829246673193,9.230218809944297
GVT&D,1,High-beta cyclicals,Capital Goods,0.44614726303167723,0.24864690717369464,1.067625207209068,-0.09001712079472346,0.14435337262893633,0.5663286568565646,-0.3990258234725691,0.04192017100629236,-0.17131123444530383,8.842022717843708
HAL,0,Tail-risk,Capital Goods,0.34417593239565647,0.2519304652516835,1.2659217961028955,0.1481453431775488,0.23135943230932265,0.1292533413453405,-0.44518626641620396,-0.5162485264498241,7.455041879145201,9.723173762233396
HAVELLS,4,Large-cap defensives,Consumer Durables,0.24575323811043565,0.17945951049566777,0.7545771811091035,0.01201433884524894,-0.1434621493812649,-0.23436920931847804,-0.44997109138725544,-0.3116247504962392,2.8466090903138492,9.064301764693973
HBLENGINE,1,High-beta cyclicals,Capital Goods,0.49843129848932866,0.294472190351303,1.701925604083203,-0.09230267449445528,0.046712783545576064,-0.10569341434773305,-0.4390365484213482,0.5642292366855368,3.275474109524524,8.88513849115486
HCLTECH,4,Large-cap defensives,Information Technology,0.25775007472459255,0.19054631029218974,0.39755468850623404,0.1348950074093831,-0.028723941295892952,-0.06747497865069585,-0.45322691836672957,-0.4178458756676106,5.331983537984673,9.574790023607408
HDFCAMC,4,Large-cap defensives,Financial Services,0.3093437235687333,0.20640313926617462,1.1416118220584806,0.0021606395548818824,-0.051978148377910705,-0.0999396902562355,-0.24847230920263796,-0.2241800799783914,6.319124932922753,9.251447749107335
HDFCBANK,4,Large-cap defensives,Financial Services,0.20282577509361613,0.15275018929543047,0.5423190715336215,-0.019999096188553223,-0.17685044764356994,-0.24422872410544583,-0.2966819929407911,-0.5378760089046962,4.529454126948329,10.35131453423139
HDFCLIFE,4,Large-cap defensives,Financial Services,0.22677082057349965,0.13593428346500733,0.5781420588809532,-0.028699853321191626,-0.224731401346139,-0.29277422777834916,-0.3431171656558555,0.4263972022587202,2.213248978706831,9.2973045628369
HEG,3,Momentum leaders,Capital Goods,0.4500776148665354,0.2953793183654266,1.196902203559154,0.39087666632977824,0.27980106079030587,0.5550824917269765,-0.43108216852205006,0.42353753483951534,5.37531388210054,8.640932468216073
HEROMOTOCO,4,Large-cap defensives,Automobile and Auto Components,0.2622012162625961,0.15162919492040183,0.6847980425314423,0.12615629340363776,-0.03819025515462826,0.07680798415660539,-0.421578968904156,0.3007723119711663,0.8824044474765169,9.425466663845809
HFCL,3,Momentum leaders,Telecommunication,0.5037701817634105,0.30641599476076137,1.8859926399304292,0.3011750649058307,2.4287407769097222,2.3248009139905035,-0.6223167114027202,0.07592720501110654,2.4727111651179743,9.17141002629982
HINDALCO,4,Large-cap defensives,Metals & Mining,0.29202299960602185,0.22503733184077376,0.8259540738451555,-0.04341665421192431,0.08114269572145072,0.44892224525677693,-0.2622939887533092,-0.7234649772228982,4.69806050334468,9.572401210239038
HINDCOPPER,1,High-beta cyclicals,Metals & Mining,0.5132884598117748,0.3381300322477502,1.7405464781690951,0.0306233936668745,-0.09435759650336373,1.274395870823457,-0.5276421471357127,0.4023846018140424,5.416239204820711,9.271500166491913
HINDPETRO,4,Large-cap defensives,Oil Gas & Consumable Fuels,0.38104036699418825,0.2534216839033957,1.2205445727398447,0.005677937312831061,-0.11692233563309029,-0.007799554614506432,-0.3604849563715581,0.06456931756078539,3.564386661851105,9.344806364447736
HINDUNILVR,4,Large-cap defensives,Fast Moving Consumer Goods,0.2015537833603033,0.14451355871092464,0.23297854199964282,-0.05527111389124495,-0.14096677506456523,-0.24308949743323316,-0.33252918084336347,-0.23495301814953184,5.023526161212208,9.549330197462515
HINDZINC,1,High-beta cyclicals,Metals & Mining,0.4147053211912116,0.25885366729654874,0.9627789954309225,0.08093525179856109,-0.009178706142341286,0.4512231248126426,-0.4797485567542742,1.61546504081499,16.0355577681793,8.994410605594133
HOMEFIRST,2,Quiet mid-caps,Financial Services,0.3925351705285442,0.2226219676733213,0.7399811671619396,0.15610970864297968,0.1084565900471095,-0.021997207013936815,-0.3882353067997478,0.5735143557696065,1.7968899807076952,8.328273228023374
HONAUT,2,Quiet mid-caps,Capital Goods,0.2789680777507012,0.16178847459911258,0.6252797397234863,0.035200078028332804,0.17928133667595336,-0.08353682046009514,-0.5501717027978958,1.7940338032639584,14.371222703870298,8.201272787188683
HSCL,3,Momentum leaders,Chemicals,0.4073245828673401,0.2530890716487725,1.2096432660227492,0.0057703469956515985,0.4689261090746626,0.49092584203809864,-0.4029358165160052,0.35267767161307134,1.8318346591013799,8.696794480988311
HUDCO,1,High-beta cyclicals,Financial Services,0.49552568509518125,0.31052612890237924,1.7570534681616934,-0.10289117006810045,0.01474405770198528,-0.08624765750998264,-0.5150850945003727,0.7841061297916763,7.809088270555748,9.049071637830782
ICICIBANK,4,Large-cap defensives,Financial Services,0.1910138265893664,0.12617697373608988,0.45241358047173824,0.14797492481797492,0.044540222290332165,0.025801081138723037,-0.1836591786547912,0.025324082626756943,3.3953032977376485,10.166511409354777
ICICIGI,4,Large-cap defensives,Financial Services,0.24089234104906657,0.1519273584633178,0.5555086134480595,-0.1313851939751589,-0.20035166653737746,-0.18257365277090165,-0.3272181765612827,0.3025746918438246,5.876004860720974,9.006906938109552
ICICIPRULI,4,Large-cap defensives,Financial Services,0.25526576269874157,0.16674204969024126,0.6847374539359233,0.04028185557918662,-0.24066055080949933,-0.18584815674803357,-0.41519493596459656,0.06730953396222546,1.6541015783771003,8.858230338294808
IDBI,1,High-beta cyclicals,Financial Services,0.4481550727303413,0.2924650296413171,1.5168592291484375,0.2613778591249525,-0.21047132563304405,0.008007936402876892,-0.4698732965474771,0.5989046001225278,7.267068503030583,8.823225780542261
IDEA,3,Momentum leaders,Telecommunication,0.55777347821546,0.3609658609550927,1.5988814466238677,0.04305561497623689,0.459669632016098,1.2861491728036767,-0.6679265689332463,0.32798632512718245,5.343145680045582,9.625251479579576
IDFCFIRSTB,0,Tail-risk,Financial Services,0.28839809967791685,0.21462532956244026,0.9348333704641927,0.21748187931311347,0.211545402892507,0.2779533276871504,-0.46683467949616675,-0.7573931294292784,10.24819167217316,9.281444638196376
IEX,0,Tail-risk,Financial Services,0.3875750541106978,0.3455205814219089,1.1889986786614266,-0.0004202708704442726,-0.005999866452795599,-0.12533494897506792,-0.5069203217719007,-2.504207012905525,30.785789159785335,8.977032740839883
IFCI,3,Momentum leaders,Financial Services,0.6254021516974025,0.291410441218216,1.8445595079213142,0.37371264310541563,0.7994319662557055,0.9662528035915565,-0.5506698630972318,1.5277061066323898,5.432399718600083,8.851076586203304
IGL,0,Tail-risk,Oil Gas & Consumable Fuels,0.3357892632672538,0.26826246468143544,0.9075971581693588,-0.03410342254965959,-0.052461180839483146,-0.21516767305635143,-0.45806357236904194,-1.388036007785051,12.509559793899637,8.83636121438412
IIFL,3,Momentum leaders,Financial Services,0.4600693549402891,0.33550370602685026,1.3110167039934575,0.3238792646818027,0.3036036524806056,0.5038239285152208,-0.5754716833518888,-0.49659741185492856,8.179404822265186,8.791739443519782
INDHOTEL,4,Large-cap defensives,Consumer Services,0.29341225154485,0.1895328162927825,1.0661395320110618,0.10878739349879996,0.11091638114031555,-0.054817322996786655,-0.3591974700841998,0.19410054205277993,2.379488377299111,9.254756945889126
INDIACEM,2,Quiet mid-caps,Construction Materials,0.3811770712628539,0.2579069889568725,0.942343235239345,-0.025013416079366024,-0.08873803136298808,-0.05733971783361458,-0.35168882643572186,0.6515107973999452,7.374494061107574,8.37963099669961
INDIAMART,0,Tail-risk,Consumer Services,0.2922595605011806,0.22044712635265296,0.7394778666860131,-0.11558697651801264,-0.15968632863278243,-0.31091472692962274,-0.45638626744914845,-0.69706419834974,11.230563976423735,8.491764534224718
INDIANB,4,Large-cap defensives,Financial Services,0.34741367521809263,0.21896040050056204,1.088823444739551,0.06576506902033574,-0.08007993019511328,0.3761813858570462,-0.21846255559019667,0.1797877257961619,3.328744598516583,9.014286955437509
INDIGO,4,Large-cap defensives,Services,0.30531353118087184,0.20871894638292934,0.9598119318338832,0.14159226025477945,0.10100878407229197,-0.13095861707700363,-0.35935342376736257,-0.0045760348520213195,2.0368368345770542,9.572585934668314
INDUSINDBK,0,Tail-risk,Financial Services,0.33890989850471825,0.3224039551048764,0.8670771536277834,0.12857773678119044,0.07175965880149171,0.352978211773449,-0.6186029724730091,-3.6580700006538573,43.22784021114827,9.567129877445588
INDUSTOWER,4,Large-cap defensives,Telecommunication,0.34057703676144285,0.24117645534721815,0.9989377879398388,-0.08252815097832344,-0.1283454741777177,0.165019765829459,-0.31887268266085056,-0.3732463042495505,4.9979204421285335,9.387189251413691
INFY,4,Large-cap defensives,Information Technology,0.2596383308863414,0.17362098319963948,0.37852785352658963,-0.02791125926622895,-0.10431179411757596,-0.21863487486413413,-0.4817164495127706,0.18180500075634093,3.3277055872475727,10.006832811552991
INOXWIND,1,High-beta cyclicals,Capital Goods,0.501459228439433,0.27507357735603827,1.6795392454145428,-0.11963081711977952,-0.165825770946062,-0.45689467448344956,-0.7267437249323961,1.051177954039571,4.988238485169779,8.970670792206068
INTELLECT,1,High-beta cyclicals,Information Technology,0.4317424179530763,0.2683663872942843,1.0887702137016122,-0.039800231965667954,0.014285646023129317,-0.28939705262785553,-0.5096760557223048,0.6923786766088468,5.544548476717059,8.464951241983202
IOB,1,High-beta cyclicals,Financial Services,0.43770219926725357,0.2690234406800356,1.5206203388917106,0.025680225499811637,-0.04687504233284334,-0.1212677064197818,-0.6060263834323846,1.1841418739909042,9.345074624754194,8.521391329689576
IOC,4,Large-cap defensives,Oil Gas & Consumable Fuels,0.3025613850758408,0.21208880863967153,1.1111087893324385,0.023793342959236297,-0.21513755311543536,0.0461741037582899,-0.38547516768082246,-0.1457728848535148,3.532059083452014,9.298777931290502
IPCALAB,2,Quiet mid-caps,Healthcare,0.3043556508365169,0.18439339731550936,0.4663026942998824,0.1956610018643703,0.3034522697561848,0.39028775798029525,-0.274066110861086,0.6387682180562492,5.134428837824398,8.536322155357018
IRB,1,High-beta cyclicals,Construction,0.4100206390514459,0.25864303171954917,1.3365319826707798,-0.04605674477038901,-0.011287279852120968,-0.06322013936955262,-0.5043237847011053,0.8676117911247516,6.729213905505121,8.802775316671683
IRCON,1,High-beta cyclicals,Construction,0.5059610904240663,0.2985854747676644,1.9230573459160067,-0.10707602190181753,-0.1245136618302547,-0.24972466495142276,-0.6476779790167766,0.8728999076673689,5.735647386264112,8.959451990510349
IRCTC,0,Tail-risk,Consumer Services,0.2781300017863444,0.19590793823636377,1.1164743385332672,-0.0776012200882189,-0.16328328046552143,-0.3108804701094652,-0.5685842418899061,0.013881933147198522,9.015597710069251,8.943295988610465
IRFC,1,High-beta cyclicals,Financial Services,0.41280880662895425,0.25864990010530403,1.5134485533155444,-0.1193241371331748,-0.15154303464061447,-0.2831921508284624,-0.6073189405257852,0.7200973200787599,5.650905129486672,9.349896222117216
ITC,4,Large-cap defensives,Fast Moving Consumer Goods,0.18656299251189454,0.13107014757066632,0.300541511297161,-0.05492934490245627,-0.1384725948791954,-0.30910286261499775,-0.4492931776275353,-0.3799419966307075,7.912187269664253,9.68204860454038
ITI,1,High-beta cyclicals,Telecommunication,0.5832164202557618,0.2955445187609272,1.2292339928216915,-0.08032395806103887,0.04606525911708248,-0.03727252516500845,-0.5700560231784478,1.9488249779369233,8.59894104576612,8.329845127626312
J&KBANK,1,High-beta cyclicals,Financial Services,0.420320520549216,0.29370708938983,1.402303914361779,0.012553999489588685,0.25089638864935915,0.45777863117205464,-0.3893442155925775,-0.21058447815258313,7.224877891677428,8.539868955125444
JBMA,1,High-beta cyclicals,Automobile and Auto Components,0.4635063220861871,0.22029913282072935,1.4149251564217709,-0.04129953675760634,0.18642137316256457,0.036276234778997996,-0.590863318915272,1.866398818149925,7.815626875993123,8.357825873164918
JINDALSAW,3,Momentum leaders,Capital Goods,0.47502773619753336,0.2944946084161927,1.5547640566031027,0.2930960605698294,0.7270896360845267,0.5430328712750339,-0.5825420369286436,0.4987746362099849,4.548033241592497,8.600913366791733
JINDALSTEL,4,Large-cap defensives,Metals & Mining,0.2994848986730725,0.2116860844636472,1.0397122899621738,0.00932813761504181,-0.05712871247023665,0.20979175710461173,-0.27811557307728874,-0.3661464787727171,1.9376205193346716,9.15945004504903
JIOFIN,4,Large-cap defensives,Financial Services,0.32395581161482234,0.20154491675834701,1.146270037747919,0.04894207421432628,-0.03590005538583141,-0.22585980767075808,-0.4820982443722517,0.6677267340835549,4.835008157828659,9.614861650695186
JKCEMENT,4,Large-cap defensives,Construction Materials,0.29114526893391346,0.17419957903852698,0.8015840389609,0.07036302664010319,-0.09015323884136417,-0.2696220095109719,-0.37644248852828566,0.2836928719201142,1.2414090380210898,8.64872662419119
JKTYRE,1,High-beta cyclicals,Automobile and Auto Components,0.38238725655314687,0.2248815904578495,1.2959414743203665,0.014618900650444466,-0.22334662690745777,0.153929923057758,-0.5222975697739856,0.8379311646169211,4.514797849860953,8.466279689220572
JMFINANCIL,1,High-beta cyclicals,Financial Services,0.4636595890777624,0.2872441908839414,1.5322124672047923,0.13827082523110512,0.06732712230270388,-0.259993741139694,-0.4809829882260247,0.49323783382824254,2.783362353512483,8.602125162450617
JPPOWER,1,High-beta cyclicals,Power,0.5295904399557144,0.2909977262526044,1.456698255744766,-0.11993513159932567,0.12577751312455532,-0.14036937943634675,-0.508997425254417,1.1645945492425027,5.508075530546222,8.84246145636125
JSL,4,Large-cap defensives,Metals & Mining,0.3611876824840656,0.2508604270903689,0.999116672119808,0.11303001680372393,-0.05413397116458185,-0.0800904041163839,-0.3824679431253427,-0.04388443950445946,2.1680417226871653,8.734292852441733
JSWDULUX,2,Quiet mid-caps,Consumer Durables,0.3136191124172425,0.1879308284750241,0.5699254261061049,0.01762935812212918,0.11443597947574835,-0.06935175817714578,-0.3651883952658608,1.186708296683403,11.711255423632847,7.672078209270922
JSWENERGY,1,High-beta cyclicals,Power,0.39142887050338065,0.2557759916789953,1.2318815398353176,-0.054470682119569847,0.12546446600827443,0.08848797684331533,-0.45521114101835003,-0.04368451359204634,3.6301088616118498,9.174198144180593
JSWINFRA,3,Momentum leaders,Services,0.3770641335266995,0.22198074583953148,1.257380586709922,0.24419566028693573,0.32699388640595295,0.11297683715610196,-0.36809526223666567,0.5810260820023921,2.863908719485309,8.78050177415552
JSWSTEEL,4,Large-cap defensives,Metals & Mining,0.24590908321657104,0.1671778857893438,0.7981554588254991,0.057040287195851525,0.0515352439749901,0.2865520088507345,-0.14950433750329528,-0.21558750550437672,2.4969165448865422,9.22006352668295
JUBLFOOD,4,Large-cap defensives,Consumer Services,0.303363682715152,0.18751866543960702,0.7298947267061928,0.16756577761446256,-0.04267222833152895,-0.23834038855772743,-0.46165324691949305,0.19651222700239115,2.7855430390126448,9.01596604244944
JUBLINGREA,2,Quiet mid-caps,Chemicals,0.41106913093635,0.20942141540277512,1.0623860344854938,0.10451529906446488,0.19984246869234812,-0.05889336643492005,-0.3655350945466769,1.1708407912558902,4.1838777877108555,8.215391721185828
JUBLPHARMA,2,Quiet mid-caps,Healthcare,0.40174173490087833,0.22206135486885203,0.9377661088256761,-0.029314034207065576,0.09282791566002024,-0.10412978974179177,-0.36090291814728237,1.1587566631167148,5.857657534042854,8.20358786548776
JWL,1,High-beta cyclicals,Capital Goods,0.500674913809863,0.29186262984034317,1.649474208558655,-0.11757659757283112,-0.055195206992027845,-0.23880452265654506,-0.6721857268041913,0.9558458836027598,6.85445992434005,8.655315762096867
KAJARIACER,2,Quiet mid-caps,Consumer Durables,0.29256828908329774,0.1732377387453738,0.7454368982417563,0.15333077714082455,0.3249251901803589,0.024882262410676814,-0.49442348670507286,0.4358520354253541,1.846739806780692,8.35998309822079
KALYANKJIL,3,Momentum leaders,Consumer Durables,0.4570907410352241,0.27683576920278474,1.1182623522309478,0.6905702065390327,0.490479123317906,0.17720714663302428,-0.5789211942953033,0.7998349425163714,5.208036800205827,9.244927732593935
KARURVYSYA,2,Quiet mid-caps,Financial Services,0.3363165677844728,0.19449673040270615,0.9076806585768544,0.2493361296201111,0.11501173184003344,0.6563636329387381,-0.23088654693471444,0.6795706981323452,4.354879492411243,8.636340614961412
KAYNES,1,High-beta cyclicals,Capital Goods,0.5151765390472405,0.36519507426665276,1.5116671430017723,0.18843930635838158,-0.03709256918961856,-0.4192090395480226,-0.6050042346351638,-0.13482753281709364,6.871591265642769,9.350252958138835
KEC,1,High-beta cyclicals,Construction,0.39750026742306965,0.25234847156189183,1.184928739866883,-0.14428855230390825,-0.2683508728668287,-0.4891432846177528,-0.6704995953019974,0.3112504977589265,2.6299210108086952,8.581774020217965
KEI,0,Tail-risk,Capital Goods,0.39529390827340705,0.3005274307594726,1.0471080892288107,-0.05788655788655783,-0.06838263542066847,0.25682478265939124,-0.4794520582669335,-0.8392502609470724,8.871146727722875,9.022747977911918
KFINTECH,1,High-beta cyclicals,Financial Services,0.4500344290123635,0.2833053034029082,1.2591843108589547,0.12448789175431108,0.005852066345493068,-0.10335479478510401,-0.4974504796992719,0.513688553118505,3.9811411979352207,8.867072490548829
KIMS,4,Large-cap defensives,Healthcare,0.28809342345740124,0.1664582572846911,0.5604247787817195,-0.046305586689765366,0.06398377721892512,0.03620823201503254,-0.26255780884284885,0.2808836809173794,1.065779264922797,8.359708800798076
KIRLOSENG,3,Momentum leaders,Capital Goods,0.4374218708910377,0.22320929022163236,1.2234381817443545,0.1901593066843037,0.5699432981094843,1.4554996297617007,-0.5911209458299156,1.2495407966560756,5.974751584569178,8.44162722469138
KOTAKBANK,4,Large-cap defensives,Financial Services,0.2241401414587592,0.16686006374300957,0.5004291797661083,0.12763957340738719,0.029370321356316342,0.09331224576687824,-0.22162010573211055,-0.3785810233119168,8.621066770462136,9.827339405008692
KPIL,2,Quiet mid-caps,Construction,0.3624921128334387,0.2303854411907063,1.1082966098391032,0.11916294619768175,0.20464528207560595,0.11704677846117395,-0.40282761349483964,0.11775189077643299,2.7751463901306006,8.32244426108078
KPITTECH,0,Tail-risk,Information Technology,0.38218130304277687,0.2808902465900216,0.9513797170171769,-0.2316840105032768,-0.23061443873871723,-0.5089233367765711,-0.7057172731119089,-0.5438130258620072,5.465188983666307,9.077919316782888
KPRMILL,2,Quiet mid-caps,Textiles,0.38307160452812017,0.20646425011377234,0.6323674351993909,0.14554766605523928,0.36994481339127927,0.21395630595735704,-0.37779190039812016,1.3232135366903353,6.600169747460477,8.339826346417313
LALPATHLAB,2,Quiet mid-caps,Healthcare,0.2833691017636613,0.15593383684089596,0.49102493916221,0.22067863486990658,0.34223415669876545,0.1410489874582006,-0.3565783528439631,1.0377427682816396,7.174259968539326,8.633362383333779
LATENTVIEW,2,Quiet mid-caps,Information Technology,0.39119414518302065,0.22705877297466462,1.0500780619573178,-0.10961184263035806,-0.18209640397857685,-0.3633873087871581,-0.554046809612737,1.1561920548163376,7.036403170322021,8.196239038832118
LAURUSLABS,3,Momentum leaders,Healthcare,0.324295318161375,0.23344632178721608,1.0365577008120626,0.3098882778952008,0.7294197367035185,1.1384589946081274,-0.18694939343476158,-0.3692061209551083,3.2758263216207903,9.071040073826527
LEMONTREE,2,Quiet mid-caps,Consumer Services,0.3479691054135866,0.21997535544168073,1.136730544728243,-0.019983186691839183,-0.0791436709296307,-0.3745530688943407,-0.43562073679209523,0.24221338884418073,1.9734224300413383,8.621488613005347
LICHSGFIN,0,Tail-risk,Financial Services,0.29714750435700915,0.22181472707709246,1.1720035506638986,0.05976894743153571,0.08596461538915112,0.04747426651081499,-0.42949933748406166,-0.6469556643352062,7.2338037764785135,8.953935057970163
LICI,4,Large-cap defensives,Financial Services,0.30305485754637335,0.20583733054340578,1.0645700947904086,0.07480737050172515,0.00976610550863155,-0.022228159495433664,-0.39531098118389696,0.1538366765161103,6.310088106901199,9.040376022937886
LINDEINDIA,2,Quiet mid-caps,Chemicals,0.35411388828188645,0.19206486540796,0.8930693435271606,-0.07463974333205392,-0.04617567805986711,-0.0027044506030301507,-0.4271730558465141,1.16920673601111,4.461479655804041,8.37176284603116
LLOYDSME,3,Momentum leaders,Metals & Mining,0.39404051205901913,0.2385109156072483,1.315831717891277,0.06597100010942358,0.506889314184471,0.39616499111154124,-0.33045908804335944,0.37036399468366776,1.8912530165556407,8.612699568283482
LODHA,3,Momentum leaders,Realty,0.4100791341630439,0.2709305057205905,1.271145179218845,0.40807559080104316,0.26919171473594417,0.014975275080696182,-0.5748421284878631,0.06518061872038007,1.4982241275409973,9.140273177325286
LT,4,Large-cap defensives,Construction,0.25489284161289943,0.19130934444096953,0.893162782622912,0.022861591447877583,-0.0157083379809021,0.12435574586399745,-0.2434757106160581,-0.5381818140623652,7.748291657680554,9.823158717035737
LTF,4,Large-cap defensives,Financial Services,0.33738444522187355,0.2185050860827107,1.2650944628594907,0.1998470972618609,0.15022802439042104,0.46568500887353825,-0.3114676905006104,0.05028912611968223,1.4971299199849049,9.025378757951497
LTFOODS,2,Quiet mid-caps,Fast Moving Consumer Goods,0.43549194207005315,0.2538497287548579,1.3064575292973637,0.1958396690061035,0.17272182192452723,0.051474409602758175,-0.3346934418773855,0.784173642166985,4.722938863829956,8.360743362733203
LTM,4,Large-cap defensives,Information Technology,0.294733100899981,0.21773427020235775,0.5947919683694515,0.1448827352244959,0.04782266474297159,-0.09561258370458603,-0.46099626318363307,-0.3523377291725668,3.194246610741264,9.202525504573007
LTTS,2,Quiet mid-caps,Information Technology,0.3116604024524721,0.20906398230678547,0.7460322570478609,0.10365856903756598,0.025990655874919444,-0.1604957763574586,-0.4619231646402884,0.3193139508224099,3.5643967601168343,8.686822701816803
LUPIN,4,Large-cap defensives,Healthcare,0.2497012388943076,0.16231827644371677,0.5723727333610648,-0.05730796948545902,-0.0803949980645069,0.11716732025510157,-0.22795204557995163,0.13414376236007367,1.9961699827439285,9.24685209583147
M&M,4,Large-cap defensives,Automobile and Auto Components,0.2894507500208578,0.18003104498736502,0.8225062017079144,0.08000328052061123,-0.03929166227968306,-0.03828215235208432,-0.22914474896892334,0.11160702305854754,0.9265249984105819,9.842041534269075
M&MFIN,4,Large-cap defensives,Financial Services,0.3377796228331237,0.21745053335407585,1.0076193019463644,0.3608431477876035,0.04387078941656175,0.4666284070962041,-0.3182492504898611,0.15449723983588595,2.2708766175444617,8.834753824770774
MAHABANK,3,Momentum leaders,Financial Services,0.38389626528621323,0.24276472029624438,1.409044273467587,0.07963818979127413,0.21228860670354943,0.6864134270725506,-0.39834477389628864,0.18249558896840848,3.1242937929077965,8.940622467770172
MANAPPURAM,3,Momentum leaders,Financial Services,0.37502071606558,0.2525983045364867,1.1760572463707453,0.13862346249944002,0.2099859557889976,0.3019797272615943,-0.3861613658384,-0.112231564401431,2.592381902088983,9.070016280775496
MANKIND,4,Large-cap defensives,Healthcare,0.29469025170599716,0.16592062897980225,0.6121707331252477,-0.012513786893208367,0.03669556995936318,-0.059092271752059444,-0.356937099965813,0.424476553255259,0.8329026722155346,8.94769089413358
MAPMYINDIA,2,Quiet mid-caps,Information Technology,0.419693962135801,0.2515591184437586,0.8628971454801546,0.15960453314133405,-0.034600562177541594,-0.41374853497172115,-0.6833764617223813,1.3743256280021654,8.903340565469966,8.218334796101818
MARICO,4,Large-cap defensives,Fast Moving Consumer Goods,0.21762385224831396,0.1344726038841279,0.3053726792065827,0.0122098012189793,0.050988460893475196,0.15075564496693494,-0.1666063855767309,0.4785147742176289,4.767231186254817,9.043911483202132
MARUTI,4,Large-cap defensives,Automobile and Auto Components,0.22298867161072125,0.13902291718600987,0.5362868398109222,-0.0070100119018335905,-0.10887639907159996,-0.13086454621156174,-0.2883414606766185,0.6144847052795723,4.030101152929426,9.70798408270554
MAXHEALTH,4,Large-cap defensives,Healthcare,0.34035755928656586,0.2089196677039543,0.5477342335558121,-0.020745316787947443,-0.08956238292230667,-0.14967230029163647,-0.28332950764307063,0.23320144169199084,1.3176837164021644,9.285520300749639
MAZDOCK,1,High-beta cyclicals,Capital Goods,0.5036246750016151,0.2961459942297866,1.5771186961380055,0.03786854463650702,0.12203279900564801,-0.05068331866413567,-0.44702807788560517,0.918804781157596,5.6772831888625035,9.596378477457412
MCX,3,Momentum leaders,Financial Services,0.4081750419753608,0.2665708028314801,1.1592234287748826,0.16276839324341252,0.3127400592218652,1.2180810957977353,-0.3467413873825632,-0.13612716476840153,1.2244835556853242,9.519085362250284
MEDANTA,2,Quiet mid-caps,Healthcare,0.3283725805051809,0.18469005026056895,0.6758188047098128,0.21473995069855145,0.30116932964384535,0.050304542558105236,-0.35368347656023214,0.4143753458782894,1.555430724756445,8.438616899112233
MFSL,4,Large-cap defensives,Financial Services,0.27199061678042435,0.15269619902363019,0.706437989809527,-0.018446894190768615,-0.1430152852727996,-0.037483638085452964,-0.23396493042712851,0.39020965362506477,1.1522445551834246,8.955993327507473
MGL,0,Tail-risk,Oil Gas & Consumable Fuels,0.35410470122869203,0.27925316623542945,1.0507802873565066,0.04175486296808306,-0.07697749393708708,-0.1163818715672349,-0.5299337341435639,-0.8451913284839213,6.3473254293066805,8.645201572294559
MINDACORP,2,Quiet mid-caps,Automobile and Auto Components,0.35747730055712534,0.19875159229057252,1.05997727871632,0.1104648084589428,0.3010179524077252,0.4049554659861845,-0.2745348995733061,1.0965050041459008,6.480587881824981,8.21447006450862
MMTC,1,High-beta cyclicals,Services,0.5436640015539045,0.28792412013044344,1.6161585192804866,-0.017903568420259974,0.09634436797817791,0.04561745174871046,-0.5996195651213698,1.590962888210613,7.5782046174805,8.171774426892666
MOTHERSON,3,Momentum leaders,Automobile and Auto Components,0.34171486698563536,0.21566205445412026,1.2217917463437222,0.1580416586167961,0.2551802411669528,0.753109746942189,-0.47261748798022063,0.12847239741490069,1.701486680162239,9.284521025607903
MOTILALOFS,3,Momentum leaders,Financial Services,0.4805721978604247,0.2726770783491543,1.6655384908221658,0.26286302035971887,0.44529616724738674,0.1758944994003635,-0.44637885818035106,0.43440264232207826,1.49062362536792,8.868984467988025
MPHASIS,4,Large-cap defensives,Information Technology,0.308165178187458,0.19293070210001675,0.7683455500866723,0.06547820425494799,0.10260830094495987,-0.12178372101216994,-0.36390527636294734,0.2093481512789961,0.9757394546298439,9.078168702158646
MRF,4,Large-cap defensives,Automobile and Auto Components,0.22242252160922085,0.1294326462576425,0.5735998033352726,0.05985840823450728,-0.06233161756838379,-0.08503269862148921,-0.3178963693287984,0.7197728613409172,3.2065027166613818,8.917136469010766
MRPL,1,High-beta cyclicals,Oil Gas & Consumable Fuels,0.506131423794295,0.26694591646504134,1.2957294033010633,0.15361265793802859,-0.05300299472540526,0.46747558254417987,-0.6420360502377791,1.5392146755431482,7.14887233424958,8.784287839437878
MSUMI,2,Quiet mid-caps,Automobile and Auto Components,0.2801389539201753,0.15285319869991754,0.8101825343096328,-0.01120718049470526,-0.12307523765181072,-0.10550283761233192,-0.39626495237519455,0.6445537963456152,1.7988980231069296,8.471361681833788
MUTHOOTFIN,4,Large-cap defensives,Financial Services,0.32483949393709893,0.22543625902909675,0.7476419066398164,-0.017168652201593138,-0.1536514196265888,0.11102448551376942,-0.2995501977516085,0.03063052389131113,4.198541053773372,9.063652867211916
NAM-INDIA,3,Momentum leaders,Financial Services,0.40139171059463014,0.2335308642484293,1.3961720774226827,0.11122427738093577,0.2978734636679403,0.4836045314269968,-0.3630723729200439,0.3116183787861766,2.2418272915278936,8.746157307248902
NATCOPHARM,0,Tail-risk,Healthcare,0.3755353908107115,0.2798430656480417,0.9119498655683409,-0.04404701677525924,-0.1319696688767127,-0.03941785189931912,-0.5300139851966554,-0.5238770306998501,11.537442337382869,8.744189105216341
NATIONALUM,3,Momentum leaders,Metals & Mining,0.4375311444826265,0.3157489616538127,1.3654291107382686,-0.008326780698688863,0.03877376907707886,1.1212752145132252,-0.42120312408258387,-0.4449169545979319,4.495632025450568,9.38411209232594
NAUKRI,4,Large-cap defensives,Consumer Services,0.3159921305295764,0.17677718013729418,0.8154497487629092,0.32493360045719144,0.32586240577798176,-0.04103925150022192,-0.4853172625074289,0.7113262877337301,3.575343644837265,9.18182774401002
NAVA,1,High-beta cyclicals,Power,0.44089654295872543,0.25332968463048067,1.3923081966625048,-0.03534298006083503,-0.019620792849225577,-0.13353175758872238,-0.4467405903850501,0.8463594132435182,3.785193828244512,8.25438974411565
NAVINFLUOR,3,Momentum leaders,Chemicals,0.33043990577269583,0.21956667922267165,0.7568653886553862,0.24831289192386907,0.36669254626901715,0.8221718493987509,-0.37461608654304523,0.59264159874016,8.377906861816836,8.819392649649814
NBCC,1,High-beta cyclicals,Construction,0.48167761573091283,0.26230090216525,1.7536184481828092,-0.15717493941944394,-0.024186697952292557,-0.11432497762372062,-0.43599172646351136,0.8041664311776517,3.069200116571855,9.05419667007538
NCC,1,High-beta cyclicals,Construction,0.4172371502488208,0.2760168146959047,1.6189220520162244,0.059604243325131145,0.017679843988257726,-0.2689326408314553,-0.6336415440924648,0.15954764972993118,4.186396991007463,8.850225935480008
NESTLEIND,4,Large-cap defensives,Fast Moving Consumer Goods,0.19873882488380837,0.12666097459425982,0.28640002200530434,0.013139102136657144,0.1075099186257189,0.22585382264015674,-0.21977869031110886,0.32204183338450754,2.7743571971745387,9.237086033408092
NETWEB,3,Momentum leaders,Information Technology,0.5453601384212471,0.30086166197230896,1.3691473334085724,0.21848671716319967,0.4024930524909063,1.3201627280509545,-0.5472781309113555,0.5794156738112521,1.7990046192906237,8.765229592938447
NEULANDLAB,3,Momentum leaders,Healthcare,0.4980364574388435,0.2824857630904552,0.9866487571521285,0.33823847292580256,0.7334971117396156,0.7309857690265398,-0.4123560067778268,0.8111715473546929,4.569865615850883,8.63453383635594
NEWGEN,1,High-beta cyclicals,Information Technology,0.5389845577786893,0.3244449012563974,1.220866418216873,0.10950276387815094,0.08789502245359815,-0.411961704948815,-0.7723132689082951,0.6571683866373798,4.835393435267525,8.432448401018107
NH,2,Quiet mid-caps,Healthcare,0.30929326847184985,0.16484339474378767,0.5498918378035247,-0.030592729842791933,0.04231631873227748,0.06192659254651134,-0.2890240319693692,1.2386578366066776,6.6544322804501235,8.643786828985483
NHPC,0,Tail-risk,Power,0.3458330790955385,0.25367267767286594,1.2111792681252886,0.04011236357308845,0.045374043297570665,-0.006384280052525004,-0.37014905522686636,-0.5442792850416772,7.684776679726021,9.12837986966581
NIACL,3,Momentum leaders,Financial Services,0.517557057921925,0.3036534046359588,1.6343261491558965,0.5501112426356922,0.6264638289098856,0.21929057004172114,-0.609577869194692,1.2459509133488622,8.213412417692442,8.214686797165548
NLCINDIA,1,High-beta cyclicals,Power,0.4551978752509459,0.2852036147706639,1.3778963142646863,-0.1867461271989017,0.08160028161517463,0.22340958362133145,-0.339300513068329,0.31729748836129046,4.321690801305932,8.710646592631425
NMDC,4,Large-cap defensives,Metals & Mining,0.34246952546566023,0.23527678450399284,1.2292857963796564,-0.05458198001488579,0.04233318633495298,0.2698206342859182,-0.35775759753741154,-0.2585297058193418,1.6443009296692632,9.25170393232602
NSLNISP,1,High-beta cyclicals,Metals & Mining,0.43188819598263883,0.27108652640299424,1.4655692206683915,-0.047402211766307434,0.15454088693145596,0.21778246474862462,-0.5339915344928794,0.8975713444700313,8.253358625980923,8.289681777379045
NTPC,0,Tail-risk,Power,0.2545387785887286,0.18441893816519314,0.8447360557154068,-0.07259435349066679,-0.10980842680853053,0.04281037825727507,-0.3230229465235652,-0.8821347781796487,12.903685499560897,9.584350191215341
NUVAMA,3,Momentum leaders,Financial Services,0.4545722051145762,0.2709907693104596,1.2980034027384417,0.17911411742564365,0.519240357094229,0.4126627563107961,-0.323615257068008,0.4404046158898732,2.6018630456455947,8.702385066488636
NUVOCO,2,Quiet mid-caps,Construction Materials,0.3036061482096065,0.17454596870480896,0.8795598945193234,0.1332260463281878,0.1082611924358281,-0.24170973616554514,-0.40267742784158955,0.565636282859228,2.588062697669501,7.8854306399987335
NYKAA,4,Large-cap defensives,Consumer Services,0.305441633622595,0.16363541923315755,0.7300701408955852,0.277372322677387,0.2832882754435737,0.4219124410160746,-0.29973100471894043,0.7770652607331449,2.5210299762403854,9.038498423454975
OBEROIRLTY,4,Large-cap defensives,Realty,0.32114439926690264,0.21841982395807288,1.1320173135604301,0.17322430011801027,0.2611196029794598,0.16426440928200825,-0.3892802978486777,-0.20508047142304076,1.8484406420802473,8.977653707052141
OFSS,3,Momentum leaders,Information Technology,0.385143662942224,0.19827249997424096,0.8931221132826009,0.23595735957359576,0.8112509630262466,0.5047784674950992,-0.48979283872575397,2.6236537803920212,26.56733994212623,9.094596484553378
OIL,1,High-beta cyclicals,Oil Gas & Consumable Fuels,0.39505947207237424,0.25659058350191616,0.8115009008933062,0.017252706773791093,0.0025582424825898453,0.28725310326712417,-0.5276979290947161,0.23867974661700309,2.875755115535982,9.112396388004434
OLECTRA,1,High-beta cyclicals,Automobile and Auto Components,0.44523486523075406,0.23976452278801103,1.4903609261070574,-0.00887096774193552,0.3056411515329889,-0.18123389939895973,-0.5874337533596654,1.2738590474085343,5.411925902698952,8.830147634044076
ONGC,0,Tail-risk,Oil Gas & Consumable Fuels,0.2914876114044035,0.21229298995181442,0.7686725965952059,-0.109584316940745,-0.16495924661599382,0.06432535724889799,-0.32260464588848736,-0.5954305552452054,11.501602275254216,9.45175102329106
PAGEIND,4,Large-cap defensives,Textiles,0.24092739557725795,0.15018947116682063,0.5389097862026595,-0.05316694606297767,0.17542617072556643,-0.1643429992144133,-0.3828853905872356,0.20823415349934243,1.040103811771734,8.929276062283938
PARADEEP,1,High-beta cyclicals,Chemicals,0.4709569803516325,0.2618513096803212,1.0981417918833876,0.27862131142804514,0.384224154092317,-0.28594375826628127,-0.5523483504288582,0.709928269045968,2.3978896989826333,8.692314101235997
PATANJALI,0,Tail-risk,Fast Moving Consumer Goods,0.30065801124161673,0.23305073934782253,0.8279566337650596,-0.179067232639872,-0.31177157692358637,-0.41102036121016905,-0.495333970861495,-0.9361117545031991,10.974338112033758,8.942960584675893
PAYTM,3,Momentum leaders,Financial Services,0.5059025046410005,0.38311646636579705,1.1534201897909941,0.6085103019681517,0.5664526729814297,0.3483099887589789,-0.6788842342360715,-0.6611847822419069,6.772602714671242,9.540810840532089
PCBL,1,High-beta cyclicals,Chemicals,0.4564174359713888,0.2683032719363365,1.494502554908384,0.14794996541492522,0.08939506252079177,-0.12409074753426808,-0.5908038314110209,0.7498670558935328,3.6481325238944824,8.693066894088274
PERSISTENT,4,Large-cap defensives,Information Technology,0.3443243564184108,0.2418139763831777,0.7266795991382862,0.11798601112852714,0.21166584678794154,0.06952325372847579,-0.35200324941690053,-0.07483122444406108,3.9594884294937143,9.366294426790166
PETRONET,4,Large-cap defensives,Oil Gas & Consumable Fuels,0.3059478915082235,0.22819173622442301,1.0055827128752344,0.09004523235881434,-0.05581208297486284,0.10061201065816072,-0.33966464401994234,-0.49166859705008026,4.555595123193058,8.864537130732135
PFC,0,Tail-risk,Financial Services,0.4038852503830006,0.29456701285414927,1.5075931376490013,-0.1530991105735301,-0.09972650997429666,-0.02274835782857143,-0.3886875664703223,-0.5835626435869862,11.148424798917441,9.500075141518854
PFIZER,2,Quiet mid-caps,Healthcare,0.2548893948720234,0.144773982099848,0.40880953091712735,0.03458287662570925,-0.046220587351291864,-0.09355886506981692,-0.38056912903721674,1.2917756739632593,7.094730163047096,7.940109040467368
PGEL,1,High-beta cyclicals,Consumer Durables,0.5279588777746376,0.35158494474980223,1.5973964394105031,0.19536563581824318,-0.0890976852221258,0.0393493497750943,-0.5693618952107768,0.02067667188610705,3.9835016682544357,8.924604689211368
PHOENIXLTD,4,Large-cap defensives,Realty,0.3667327631469751,0.22016996268769942,0.8781878288412726,0.11513063451047945,0.17796920342048628,0.28841291504678956,-0.31631139974318745,0.16197022781044076,0.8320033172474579,8.95488294909227
PIDILITIND,4,Large-cap defensives,Chemicals,0.20805826848667205,0.13523237474877295,0.488414443736823,0.12428641743060087,0.1199136074622964,0.07168591262583957,-0.2429364186689995,0.10457520538690229,2.5015658663405893,8.955293035822317
PIIND,4,Large-cap defensives,Chemicals,0.2617100917195673,0.18703210770435819,0.7240530306107738,-0.07719797080507451,-0.20183010905047993,-0.33188292652197093,-0.49609453958111493,-0.23286885604924748,5.3049810266948505,8.90815773832358
PNB,4,Large-cap defensives,Financial Services,0.3228933192964281,0.23580964881469224,1.2490050574655494,0.13898551615896126,-0.04480640377467626,0.18681278880602203,-0.3766291409971716,-0.5582878374567848,5.629575044215077,9.385441829592851
PNBHOUSING,3,Momentum leaders,Financial Services,0.3941766129056992,0.26168774133237466,1.1746238570785952,0.21131803681418826,0.4448537814698952,0.5319725774516981,-0.3415131650007893,0.24223026025787364,8.168891542112654,8.895117098608116
POLICYBZR,4,Large-cap defensives,Financial Services,0.39760835571962166,0.22911434439592368,0.9644976456071865,0.21436600988980237,0.24991488153346042,0.01694913879037352,-0.398921422607585,0.5577713978584893,2.3796449978267638,9.28437030411514
POLYCAB,0,Tail-risk,Capital Goods,0.3524114755549319,0.31020877828240195,1.00571162223305,-0.1217080975285123,-0.024462583241260716,0.17348656552423436,-0.3794811787270542,-2.019769872046313,18.402592743133628,9.341684773709877
POLYMED,2,Quiet mid-caps,Healthcare,0.41159315770842453,0.24527693581960042,0.8832709306344875,0.2337187878933702,0.2983154707530211,-0.1865862503607233,-0.6194339347737932,0.5727544969120847,3.0448534865356653,8.269433409933082
POONAWALLA,2,Quiet mid-caps,Financial Services,0.3718806459897085,0.24286439658438833,1.0859001428075012,0.2293662963231704,0.06842285132799653,0.09043297381647242,-0.45406525201602166,0.059283761899865735,6.298677443813096,8.778372797841985
POWERGRID,4,Large-cap defensives,Power,0.2539268494035359,0.17957379699311019,0.7162176975581627,-0.08370647197649417,-0.10377354804493155,-0.0034207971524112812,-0.2955904888430121,-0.3055696987639548,6.710585773260773,9.526120329279918
POWERINDIA,1,High-beta cyclicals,Capital Goods,0.4934151074527104,0.2806063922256949,1.119768821539479,-0.09575667212028005,0.24147286082316066,0.6160059259932951,-0.4030598330669577,0.7699243671996785,4.014891021603656,9.106192674963339
PPLPHARMA,3,Momentum leaders,Healthcare,0.3912696103867527,0.22691208404186494,1.0170665177124498,0.2956332766750569,0.4018716356471521,0.14986579555336133,-0.5457116217117604,1.0064663855596667,5.280129249790871,8.807078775664671
PRESTIGE,1,High-beta cyclicals,Realty,0.4159016983121087,0.2542010218148048,1.2614605866263728,0.1968950540990284,0.15370493162627374,0.006916210364696251,-0.4839960722763015,0.1373756030596448,1.5899585769094151,9.050303289333062
PTCIL,3,Momentum leaders,Capital Goods,0.47454311788738707,0.2665373388601217,0.998563478696831,0.3041812609457093,0.32322727525126327,0.7071423454402177,-0.4168231088445634,1.3610693383661925,8.450506783325137,8.202342792136545
PVRINOX,2,Quiet mid-caps,Media Entertainment & Publication,0.2939996041885669,0.17773063906468067,0.8977538800851842,0.26986746706255316,0.20739858490197816,0.09478567699559015,-0.5410447573994401,0.27609494247242855,1.2481101363690281,8.66971058552061
RADICO,3,Momentum leaders,Fast Moving Consumer Goods,0.3295776253220764,0.18674461515864146,0.6716075928375999,0.2924248320999281,0.7263208202418763,0.585905333617877,-0.27443490332284415,0.570568357655408,1.7762334957796493,8.727200846607833
RAILTEL,1,High-beta cyclicals,Telecommunication,0.5049219480860154,0.32092724201295514,1.9179072460902555,-0.10329157804850031,-0.06935012165722909,-0.18545022806527134,-0.5819070462850195,0.3914613817961203,5.792604868905938,8.82043224625512
RAINBOW,2,Quiet mid-caps,Healthcare,0.3142148160749487,0.19409808194804226,0.35566017504383257,0.0799599223406533,0.20833171107575543,-0.030475732048164672,-0.342134555984387,0.4531814539599806,3.5856955460944904,8.218477144184678
RAMCOCEM,4,Large-cap defensives,Construction Materials,0.26089519864667293,0.17185825804728144,0.768590046803125,0.037326181726610175,-0.19364138627607963,-0.14249842454222972,-0.30307508277296535,-0.037558449945220396,1.6095780959346926,8.525657189386669
RBLBANK,3,Momentum leaders,Financial Services,0.376782621342573,0.2641989148234105,1.2312564677727063,0.2042984591365029,0.3265935507685982,0.662082340852318,-0.4900328944893265,-0.3768466013936176,4.315421976880264,9.210685545387449
RECLTD,0,Tail-risk,Financial Services,0.40663922806337766,0.3050353421104452,1.5811226910314071,-0.05706811875141249,-0.03543063340919783,-0.055899501459748535,-0.4937790692170958,-0.8964919360447464,14.000866496714227,9.499219351137045
REDINGTON,3,Momentum leaders,Services,0.4390699473512479,0.25058662753776767,1.0048198570280276,0.6531082912767625,0.44361598647551603,0.6136699007905508,-0.3800428882414738,1.2975285701955632,7.152976840239537,8.649495599011646
RELIANCE,4,Large-cap defensives,Oil Gas & Consumable Fuels,0.20985211645184249,0.13839987733644094,0.628187015317926,0.04646556550546066,-0.022008507490290374,-0.041696862997235074,-0.27175751213160115,0.11712748637899333,3.333798439984738,10.183697575894069
RHIM,2,Quiet mid-caps,Capital Goods,0.3610451297076119,0.2165915449649024,0.958118042763574,-0.01563948017623429,-0.11032579891313843,-0.21228631422549094,-0.5832839517075106,0.7171924175477861,3.7916057961962806,7.970536336833378
RITES,1,High-beta cyclicals,Construction,0.4448002170109941,0.27779293826130064,1.5656633264647166,0.06603271047515658,0.06462122821457572,-0.08793192122740934,-0.5368476545365253,0.9064084360266741,8.196552416408204,8.460236337489201
RKFORGE,3,Momentum leaders,Automobile and Auto Components,0.38992463981255027,0.24067049072264113,1.1683391806020813,0.310980186293097,0.26243788806901214,0.2255212485139546,-0.5572267437377683,0.42768969072785784,2.9973838201986065,8.465293622217915
RPOWER,1,High-beta cyclicals,Power,0.5446488865730718,0.2947264207061717,1.6702063139801104,-0.1897247734419797,-0.039164475041703506,-0.5112881856006408,-0.7143257812636321,0.6646118049825477,1.8495987179494198,8.975561124330886
RRKABEL,3,Momentum leaders,Capital Goods,0.38082124181484744,0.25634435440276504,0.881710120509516,0.14187602208870298,0.606140599382246,1.059724463535407,-0.529086145476554,0.21058226215617382,11.226751908722854,8.351681951687846
RVNL,1,High-beta cyclicals,Construction,0.503306732075772,0.29251834778039676,1.7222308923703649,-0.06606350227234548,-0.28818725996453853,-0.30723580232726466,-0.6689913707973865,1.3600695129757938,7.393900175742168,9.367770956014503
SAIL,3,Momentum leaders,Metals & Mining,0.40620306500327014,0.28305758652153223,1.4659778695130912,0.07084559995071493,0.18847760978375994,0.6709983979255887,-0.4218672235892159,-0.23139520337390815,6.972308622077698,9.392531222780011
SAMMAANCAP,1,High-beta cyclicals,Financial Services,0.4503364617524627,0.2855878065481728,1.4472508508975443,-0.10377410049941393,0.08516026379848274,0.3426294630049713,-0.49765816783353256,0.3135591116621159,3.264025469881657,9.10132167600871
SAPPHIRE,2,Quiet mid-caps,Consumer Services,0.371229870580554,0.2085900740497141,0.6731867847331545,0.2884539529939081,0.1618432021089895,-0.2849272689094817,-0.6058176211660193,1.145759684245725,7.306673518561798,8.10202245784758
SARDAEN,2,Quiet mid-caps,Metals & Mining,0.43631531571184173,0.25954565999526436,1.1643707272515824,-0.05084858326436714,-0.06278491161729072,-0.12749768577663656,-0.2947855255217172,0.7968075957039819,4.843736590226406,8.256954078274198
SAREGAMA,2,Quiet mid-caps,Media Entertainment & Publication,0.42409554233816116,0.23675386867141623,0.8401229934070408,0.07846357317229002,0.49863144249951596,0.03803299745706079,-0.529714535517835,1.2766736850382572,5.879494494407769,8.17678010637534
SBFC,2,Quiet mid-caps,Financial Services,0.34795985699957405,0.2184262639353978,0.8984403640170773,0.09640669554603165,0.06717853629518933,-0.04912112274532365,-0.3198622144898373,1.0216631875481537,11.48502714977955,8.132911559768113
SBICARD,4,Large-cap defensives,Financial Services,0.24922225750461788,0.16964812326045128,0.6767106726891554,0.14567925156268813,-0.11512921196479342,-0.17800383941820475,-0.4392912655395207,0.027094499867703046,2.0666448016374264,8.948269410597698
SBILIFE,4,Large-cap defensives,Financial Services,0.22159197484753201,0.13593602926557913,0.5331822824495197,0.006007694082557968,-0.12534815724484671,-0.021649358640315475,-0.2808441364637497,0.1619113967841837,1.132170189893158,9.224942648392185
SBIN,4,Large-cap defensives,Financial Services,0.24413320548203224,0.18733815938414713,0.8124868214490615,0.03477770044745032,-0.1306704807379998,0.28987499949637807,-0.2394412752766395,-0.7636029281624647,13.252273336175485,9.99735792868709
SCHAEFFLER,2,Quiet mid-caps,Automobile and Auto Components,0.30996906373668237,0.18907610226669339,0.8726248753197847,-0.0124307447044818,-0.0735646879436257,0.029115051615421716,-0.39242790235999125,0.2942152288335821,1.1644353331647195,8.363712383626046
SCHNEIDER,3,Momentum leaders,Capital Goods,0.4759329709514334,0.2614653261555205,1.3534905548698049,0.07830956171856274,0.4113605212844027,0.428538318043179,-0.4389771420862223,0.40131774724736424,1.0251220153749023,8.207262241352291
SCI,1,High-beta cyclicals,Services,0.5094383949356516,0.29078380523731967,1.6570557368533132,0.011104670854969134,0.15695794611530545,0.466449240484454,-0.5835936113434887,0.9394728399821202,5.840412028435981,8.778704740091571
SHREECEM,4,Large-cap defensives,Construction Materials,0.22160333129855195,0.13960863773043458,0.5766875506037453,0.01623139978766397,-0.08451651193187604,-0.19175117358526872,-0.2954274013740976,0.055357130184666446,0.9257990318733369,8.855564554743212
SHRIRAMFIN,4,Large-cap defensives,Financial Services,0.3536821523620406,0.21548535605514169,1.2471468400808443,0.1675554099131844,-0.005331493884353167,0.8425049455407168,-0.29004561788104677,0.32404765532742164,1.9467670138969466,9.565338874833374
SHYAMMETL,2,Quiet mid-caps,Capital Goods,0.3451271928314459,0.2112905628355948,1.086903577078176,0.09647214146915495,0.27547056969962,0.18113729157217984,-0.2627378100121064,0.2925656543623843,2.4288155715258886,8.455906935956603
SIEMENS,4,Large-cap defensives,Capital Goods,0.32041522348824353,0.23013711509606377,1.064343433980847,0.10279881592150408,0.1959967883148226,0.31326990322633175,-0.4190319624317671,-0.3052739627664973,3.8956717424413214,9.160688060260915
SIGNATURE,0,Tail-risk,Realty,0.36172244857307834,0.2727689533615116,1.0586532201838832,-0.01190849882820677,-0.1708650175167148,-0.27861798314010144,-0.5571951135244807,-0.617100902462286,6.783018468716083,8.623232231337528
SJVN,1,High-beta cyclicals,Power,0.4640660995477281,0.31731556182701987,1.6969569463560363,-0.09285597423191994,-0.06638028530903817,-0.30522888011518323,-0.5752203969469669,0.39505988290017674,9.568894263900846,8.801281096791094
SOBHA,1,High-beta cyclicals,Realty,0.4271735926738877,0.2459917660550902,1.1891047426910133,-0.018348907436049333,-0.06665172547342424,-0.14258090927062417,-0.4835744067647749,0.7306731155044188,3.197162439029617,8.441119895162911
SOLARINDS,3,Momentum leaders,Chemicals,0.37202170151785874,0.21666204772191455,0.9578838004760601,0.18459047581852017,0.5338959982403246,0.5534402553451574,-0.33065995338169396,0.4258834955630227,2.406851613646294,9.0726681787994
SONACOMS,3,Momentum leaders,Automobile and Auto Components,0.33873103233295004,0.1885154180316332,0.9299507542182693,0.34516495184785456,0.5298080582584936,0.7627716980730703,-0.4578457435118495,0.7501120881246971,2.8441579394015792,8.96147821227599
SONATSOFTW,1,High-beta cyclicals,Information Technology,0.46017990377220397,0.27365340951761663,1.0813120091388038,0.11251171478785316,0.1152903917822572,-0.18336499258507766,-0.753049816288073,0.8684196937749964,6.1209109075065165,8.47979191976205
SPLPETRO,2,Quiet mid-caps,Chemicals,0.37853790899387524,0.19532746947963578,0.8189623500074285,0.16697246130101306,0.15043929375322884,0.04103948668935509,-0.4412649478905858,1.1199430906779273,4.112509604533322,7.584400054012925
SRF,4,Large-cap defensives,Chemicals,0.28067645569559224,0.18369158781713044,0.8299680907209733,-0.04582730907239063,0.005849200407449295,-0.10321665693307924,-0.2700277272792093,0.612930561583598,6.753746478635312,9.043853394353008
STARHEALTH,2,Quiet mid-caps,Financial Services,0.2478068224376369,0.14335127430999392,0.4772209117370722,0.07440959149096393,0.20821589060192203,0.25883676021668545,-0.4842927816041338,0.45138623774761033,1.5543077534407774,8.469730475607903
SUMICHEM,2,Quiet mid-caps,Chemicals,0.3563774806721667,0.18798745954473967,0.8829385034115509,0.07484397118375674,0.24331191568347044,-0.12740041739537433,-0.4412418284468168,1.1867645011232384,4.862362099663114,8.154162141916263
SUNDARMFIN,2,Quiet mid-caps,Financial Services,0.3509884706455628,0.2029547773372928,0.611179776890418,0.14846358249242075,-0.1184279718109198,0.013384326108233369,-0.2709665822175663,0.6425715270213398,3.2194921618692534,8.506017292105833
SUNPHARMA,4,Large-cap defensives,Healthcare,0.1964582608070608,0.1339921593065906,0.35961181872978887,0.06438781448108855,0.08643474142278418,0.2085165860010525,-0.19239792798501254,0.05457138454509924,2.316065164089951,9.520119614924319
SUNTV,2,Quiet mid-caps,Media Entertainment & Publication,0.3046630345134782,0.1931650769051548,0.7203174302980953,-0.06251778612421066,-0.2377853108974448,-0.12786883485438438,-0.4755936224875006,0.7063515419102474,7.702543449854174,8.321850794494939
SUPREMEIND,2,Quiet mid-caps,Capital Goods,0.3527463170727062,0.21792272278150773,0.8194980815305868,0.002426978142829661,-0.11497320999482863,-0.221191794980666,-0.49391489003994904,0.45315296284899925,3.3585500282143834,8.837845594903314
SUZLON,1,High-beta cyclicals,Capital Goods,0.41138808980289787,0.23331549819116754,1.298599732928366,-0.16681980121523654,0.10744804955324261,-0.1947798522753057,-0.5329397544433794,0.280478338797973,0.5109387000776042,9.477812425537415
SWANCORP,1,High-beta cyclicals,Chemicals,0.4777739291678795,0.3106863641581693,1.5420105643118291,-0.07946054157410565,-0.23633657483385662,-0.3909918182404586,-0.6423075306347297,0.10376980586308308,3.6538541125080903,8.849970919218753
SYNGENE,0,Tail-risk,Healthcare,0.28915842109845746,0.21655059623869638,0.6958941012730853,-0.11742034974961957,-0.03767243159063216,-0.36948581877992426,-0.5920568592461313,-0.6509389708242991,5.490240104193413,8.656795666593515
SYRMA,3,Momentum leaders,Capital Goods,0.47638352036986736,0.31237880005071644,1.3894441840947784,0.2144445037855378,0.8670132890687581,0.9787315646930514,-0.4372043979072213,0.5640155325740818,6.440414745902064,8.743431639928533
TARIL,1,High-beta cyclicals,Capital Goods,0.5879732620468835,0.3171104367674832,1.6568972510878865,-0.0279392562207903,-0.010683760255039476,-0.3876907177883393,-0.629316916974211,0.6538717018389525,3.5455329505070172,8.471018484664759
TATACHEM,2,Quiet mid-caps,Chemicals,0.3102910614651415,0.1950991036053925,0.9082688450765066,-0.11600157575138204,-0.1066072748569884,-0.30844315950685564,-0.5452727405907352,0.7539273615163925,6.733482954694031,8.757723762045332
TATACOMM,4,Large-cap defensives,Telecommunication,0.2980398301675678,0.18210447938027785,0.8690141449350567,-0.07017071121031493,0.14734129875532442,0.13623282062428643,-0.3902721177605982,0.5208550965652147,2.6360585890059496,8.794690448030735
TATACONSUM,4,Large-cap defensives,Fast Moving Consumer Goods,0.23200849054643818,0.1447534351776699,0.4087835742912146,-0.08762420957542905,-0.09478642704787676,-0.04127804873979102,-0.2900937536685164,0.35931056767990943,3.193937168326237,9.134476203314867
TATAELXSI,2,Quiet mid-caps,Information Technology,0.3071896137386425,0.19899192320601375,0.8041611904466658,-0.14889171600757056,-0.18598289586204086,-0.3215050538524189,-0.612499244581288,1.1623377549229648,10.528671416270686,8.934743891386605
TATAINVEST,2,Quiet mid-caps,Financial Services,0.4560176136199969,0.22790758503785408,0.917285404056222,-0.017782210656290154,-0.006212332892140848,-0.06801050359010896,-0.48851602277068373,2.260721091218399,12.207095222791327,8.403047840998441
TATAPOWER,4,Large-cap defensives,Power,0.28708604688864203,0.20685188979346547,1.1487270338290607,-0.08391804795453772,0.005240518316471876,-0.0022087132675129295,-0.30556130578936913,-0.12618577934381867,5.91593146316233,9.423485983402905
TATASTEEL,4,Large-cap defensives,Metals & Mining,0.2773340920911906,0.19961387906800862,1.022420704947972,-0.04950982986800889,-0.08685192163802091,0.25420404050541046,-0.3168278059738968,-0.2910163190388423,3.3712930533433005,9.666389010976687
TCS,4,Large-cap defensives,Information Technology,0.23469731708010486,0.16064348581656956,0.3391141987021538,0.07680246223192144,-0.10157104428596231,-0.22434437747760916,-0.5364757763457557,0.09335213357565432,4.086437078128881,9.888305768982162
TECHM,4,Large-cap defensives,Information Technology,0.2618814722277529,0.1724179170163631,0.43292574973938286,0.08979568817016736,0.21777824488003272,0.10694957567287622,-0.29149970046767315,0.004580905662484361,1.8954260949397237,9.412951586131518
TECHNOE,1,High-beta cyclicals,Construction,0.4702762182020142,0.2908420142647309,1.350574158932903,-0.029236868186323095,-0.14766790670224683,-0.35702039344525016,-0.4951694110200695,0.46796839963731063,3.796287041967504,8.309606035251141
TEGA,2,Quiet mid-caps,Capital Goods,0.3798383062002819,0.22277312314165948,0.8821694064408496,-0.12650939924900784,-0.12005454583555786,-0.13911813554126995,-0.4219997148976645,0.43858204530628986,2.164396067623317,7.971036655485499
TEJASNET,1,High-beta cyclicals,Telecommunication,0.5309915193185095,0.3084119532110035,1.513191670567762,0.1320737777217742,0.2670724343859494,0.041196998955516095,-0.7953420519710193,1.249899844538131,6.516666799940182,8.772484955869947
THERMAX,2,Quiet mid-caps,Capital Goods,0.3800127403442153,0.23815898996832383,0.7616178563238142,-0.22228582130437247,0.17752806679999167,0.146156379361845,-0.5105112743652676,0.2576778772632824,2.322841368803553,8.57190091133553
TIINDIA,2,Quiet mid-caps,Automobile and Auto Components,0.3804851351267466,0.21591654352574283,0.8958234299427877,-0.11669433705644017,-0.04867834737186716,-0.08209660247244843,-0.5355333540456754,0.8137041360843202,4.725592851901444,8.875795088105374
TIMKEN,2,Quiet mid-caps,Capital Goods,0.3124234390363435,0.18624198242680132,0.6942279717293248,-0.1250596252210977,-0.0727152521088632,0.08491997534078055,-0.5179237962517396,0.526021246016675,2.1031170938025716,8.247917614716005
TITAGARH,1,High-beta cyclicals,Capital Goods,0.46013836431116334,0.27642044275317146,1.5406033833417567,0.04020754064337595,0.2986519807720387,0.038721043823610746,-0.6903796107945436,0.4341034545392475,5.390317324039668,9.006118841740845
TITAN,4,Large-cap defensives,Consumer Durables,0.2253599267320005,0.15194551586336916,0.5466818584576226,0.2013338702217844,0.17941886006044983,0.3845210856136576,-0.2249819379254261,-0.04685188884537956,3.4334491291066356,9.488379145317294
TMPV,4,Large-cap defensives,Automobile and Auto Components,0.2977899744190763,0.21024963888659792,0.9613819204683115,-0.19258616832744235,-0.15249869373848846,-0.2230409326771553,-0.5739006750372058,-0.2422236254533671,2.330563273270513,9.830232222698744
TORNTPHARM,4,Large-cap defensives,Healthcare,0.22509930392671446,0.13378505280812908,0.38779200614662435,0.10126068101419117,0.11385423344484424,0.369907400648986,-0.16981830277966847,0.3297953569952998,1.2471072045130671,8.93725641425529
TORNTPOWER,2,Quiet mid-caps,Power,0.376879072165783,0.22548359258040113,0.947540795075803,-0.1036857337555348,-0.16161849712804133,0.05512070127049018,-0.38522072135877383,0.7918605202726567,4.968242575946588,8.779008200413784
TRENT,0,Tail-risk,Consumer Services,0.36916147945119704,0.2698205767134951,0.9370064039763143,0.04886599141045389,0.11363481938520792,-0.18489663149922497,-0.6012625017634431,0.2208325503650698,11.192866875410166,9.553231774037464
TRIDENT,2,Quiet mid-caps,Textiles,0.35486714330725116,0.18871095592287992,1.1465248356314635,0.005409869207321671,0.009044020894642069,-0.10323503192072603,-0.5445264479344165,1.8331802490410611,10.091977590843944,8.306592293362069
TRITURBINE,1,High-beta cyclicals,Capital Goods,0.4590722143413936,0.253518627242971,1.0865406925847965,-0.12703018800288035,0.24047695988760998,0.11480463451232037,-0.4742770172269485,1.227456784978728,5.8668864864969095,8.583584023742096
TTML,1,High-beta cyclicals,Telecommunication,0.4651009683440611,0.24914928977910963,1.444471148854978,-0.13201467166975744,-0.053423559329834114,-0.3287086293308552,-0.7093605174525403,1.8640251830932921,10.09784470055624,8.328991620328242
TVSMOTOR,4,Large-cap defensives,Automobile and Auto Components,0.26919602022120076,0.16425459760255207,0.7927976500517138,0.24581021702287686,0.0877098432625889,0.2738165026764614,-0.26209434781016816,0.18569673234558073,1.0337435814942935,9.312698658034885
UBL,2,Quiet mid-caps,Fast Moving Consumer Goods,0.23390644710969255,0.1422710620625824,0.4218720001536437,-0.019627110437959394,-0.18956909506987663,-0.3056131680110382,-0.4267315099182992,0.6171661852629271,3.6490243011376315,8.45299347042856
UCOBANK,1,High-beta cyclicals,Financial Services,0.42234650766152465,0.2690972295804113,1.4893393673689497,-0.009988014108740506,-0.1187903011875232,-0.10628648937530649,-0.6657036124725519,1.0169584293713905,8.841419663304341,8.406247061746308
ULTRACEMCO,4,Large-cap defensives,Construction Materials,0.22733990849262609,0.13948287928029848,0.7303589226591742,0.07835622427181033,-0.07029341988889637,-0.07029341988889637,-0.2060987033111188,0.302764331078365,2.0923056977892274,9.478237991947687
UNIONBANK,0,Tail-risk,Financial Services,0.3663157484856612,0.2580208084125463,1.3055975400173634,0.16689433009177268,-0.027165995032617074,0.5167422463457461,-0.3886693354082804,-0.5521907674741469,5.869413984089704,9.229884175299476
UNITDSPR,4,Large-cap defensives,Fast Moving Consumer Goods,0.24149923477718457,0.15101453600955667,0.5524753073752189,0.19744321186874747,0.08519940174436025,0.16249624310416166,-0.27412973990933753,0.1488708765587211,1.9551347828294046,8.99939946851677
UNOMINDA,2,Quiet mid-caps,Automobile and Auto Components,0.35056300525957446,0.20182334109342626,1.0091836326827224,0.18668690546360578,0.09754206262444787,-0.03322591757934168,-0.3155628468043856,0.6321893081920041,2.6651147927839713,8.812242215492628
UPL,0,Tail-risk,Chemicals,0.30104906423495853,0.23861018566812942,0.9570093846815924,-0.05946858589541992,-0.056297449445880776,-0.1798729113962798,-0.298379558865672,-0.8470678423515525,7.490168099676952,9.107845063176228
USHAMART,2,Quiet mid-caps,Capital Goods,0.3921120020150468,0.21657838518355366,1.1102819946770688,0.04903350715661303,0.23058019917414807,0.34776308757104823,-0.34388114565783423,0.6815647580794083,2.7449064786880517,8.321756562975056
UTIAMC,2,Quiet mid-caps,Financial Services,0.3259834588172195,0.21048214754418704,1.0158842694398607,0.002461591056668544,-0.05253382576153609,-0.2942536898865341,-0.36534192780864994,0.18994942287781927,2.4343026240861474,8.127023951304416
VBL,4,Large-cap defensives,Fast Moving Consumer Goods,0.32210988762924786,0.19447263977661733,0.7753306993718073,-0.21851571173313822,-0.08162456603817692,-0.1783151267987495,-0.43157419034722744,0.3886785793469137,1.6830576761846072,9.40849156582732
VEDL,4,Large-cap defensives,Metals & Mining,0.34838112984568,0.23588727199845877,1.0907541054931682,-0.10566965947899543,0.08953187641653182,0.8565673191462595,-0.2865802245756405,-0.12073344865011977,2.700720841084871,9.583650921242418
VIJAYA,2,Quiet mid-caps,Healthcare,0.4044839843763834,0.21370386323844506,0.5908533009573144,0.14193941499790097,0.525074035752352,0.503726033405715,-0.304932401059141,1.0983716155029788,4.061417911292898,8.165574357047188
VOLTAS,4,Large-cap defensives,Consumer Durables,0.3241305002445191,0.22681846668279151,0.8092747001435323,-0.08033571645833915,-0.2170799145151484,-0.13655890168689488,-0.39758932404539515,-0.20302668332985618,4.24720974440058,9.177209481660292
VTL,2,Quiet mid-caps,Textiles,0.3673199675766844,0.1972287341369047,0.8274553353311651,-0.025170934844987225,0.10186840436933498,0.3555797923651838,-0.3535747903181382,1.4532801739202568,8.05227600667863,7.954919507887547
WELCORP,3,Momentum leaders,Capital Goods,0.4130104626746465,0.2519957689654013,1.217000195659429,0.93019615839759,2.1788687319236466,1.973234968013712,-0.2525498586536543,0.26821309542882443,3.1358906213614666,8.686962771431535
WELSPUNLIV,3,Momentum leaders,Textiles,0.46484704137557126,0.2513768605641935,1.3765350895702317,0.4652383475263473,0.677536988918731,0.8471472642171789,-0.4841262254839874,1.095553418691265,4.80425271902458,8.454857092365744
WHIRLPOOL,0,Tail-risk,Consumer Durables,0.3630479448079719,0.28054121503718726,0.7033307588779754,0.052952664831265706,-0.10228113573093023,-0.3669372073537338,-0.6877205792310979,-0.7934503972623592,10.785845267754004,8.366792427556616
WIPRO,4,Large-cap defensives,Information Technology,0.2658003106375387,0.19028660527494548,0.5717725687486144,-0.018405465353441675,-0.10150267305781868,-0.26981511284483173,-0.44853257881632813,-0.2515329805819817,3.5806495572809127,9.418384688557088
WOCKPHARMA,3,Momentum leaders,Healthcare,0.5492208602528922,0.267344619149128,1.4027631167212247,0.10343912738784034,0.5944274436426527,0.46441834092902834,-0.39910432881960056,1.393860436214879,5.337550642427244,8.709943994747768
YESBANK,1,High-beta cyclicals,Financial Services,0.3661488890938168,0.23236172857593726,1.2163928838511455,-0.021739130434782594,0.11496529532901856,0.20449676833066155,-0.486942649488299,1.0129512613957834,8.237687518187231,9.314257549006998
ZEEL,0,Tail-risk,Media Entertainment & Publication,0.5033333483913366,0.3957398579267402,1.3468460156277255,-0.17535328445136344,0.08813395835342108,-0.20875797567608245,-0.7577808327440891,-1.4730966311379892,18.371920873917013,9.157804664491529
ZENSARTECH,2,Quiet mid-caps,Information Technology,0.3974810945623348,0.22456197051317103,1.0135072470171929,-0.004090033953234595,-0.16826452189454866,-0.39037144442764027,-0.5637762382958488,0.9309054522121906,3.863187749624949,8.61960420472674
ZENTEC,1,High-beta cyclicals,Capital Goods,0.46759839277726234,0.30600846980289365,1.172826555674696,0.028089772571470606,0.3396343451699677,0.23473605788949725,-0.6228172254156594,-0.14623340592608303,3.55048594937432,8.710020435463322
ZFCVINDIA,2,Quiet mid-caps,Automobile and Auto Components,0.34488364344582545,0.20232516008335205,0.5538653194507599,0.07892096569816931,0.04389435202907399,0.0854108017906412,-0.44224345224836714,1.363680779450064,13.883618153764115,8.136923099027323
ZYDUSLIFE,4,Large-cap defensives,Healthcare,0.25138946071517315,0.16702438561985877,0.6490384986287511,0.030715757356526208,0.2360860096555748,0.1455206249933283,-0.3680529059793043,-0.023906340603039075,1.8130946025451435,8.952007805925804
ZYDUSWELL,2,Quiet mid-caps,Fast Moving Consumer Goods,0.3205866167202367,0.1702821809190246,0.6205299101923614,0.017692797272499172,0.4058904302920183,0.31157599561873184,-0.3596629995397449,1.3143123058231099,6.299582954536749,7.801075950379208
